x,y,z
-23.95,24.0,0.0
-24.024999910965562,23.925000747665763,1.5
-24.07499991171062,23.875000746920705,1.5
-24.124999912455678,23.825000746175647,1.5
-24.174999913200736,23.77500074543059,1.5
-24.224999913945794,23.72500074468553,1.5
-24.274999914690852,23.675000743940473,1.5
-24.32499991543591,23.625000743195415,1.5
-24.37499991618097,23.575000742450356,1.5
-24.424999916926026,23.5250007417053,1.5
-24.474999917671084,23.47500074096024,1.5
-24.524999918416142,23.425000740215182,1.5
-24.5749999191612,23.375000739470124,1.5
-24.62499991990626,23.325000738725066,1.5
-24.674999920651317,23.275000737980008,1.5
-24.724999921396375,23.22500073723495,1.5
-24.774999922141433,23.175000736489892,1.5
-24.82499992288649,23.125000735744834,1.5
-24.87499992363155,23.075000734999776,1.5
-24.924999924376607,23.025000734254718,1.5
-24.924999924376607,22.97500073350966,1.5
-24.924999924376607,22.9250007327646,1.5
-24.924999924376607,22.875000732019544,1.5
-24.924999924376607,22.825000731274486,1.5
-24.924999924376607,22.775000730529428,1.5
-24.924999924376607,22.72500072978437,1.5
-24.924999924376607,22.67500072903931,1.5
-24.924999924376607,22.625000728294253,1.5
-24.924999924376607,22.575000727549195,1.5
-24.924999924376607,22.525000726804137,1.5
-24.924999924376607,22.47500072605908,1.5
-24.924999924376607,22.42500072531402,1.5
-24.924999924376607,22.375000724568963,1.5
-24.924999924376607,22.325000723823905,1.5
-24.924999924376607,22.275000723078847,1.5
-24.924999924376607,22.22500072233379,1.5
-24.924999924376607,22.17500072158873,1.5
-24.924999924376607,22.125000720843673,1.5
-24.924999924376607,22.075000720098615,1.5
-24.924999924376607,22.025000719353557,1.5
-24.924999924376607,21.9750007186085,1.5
-24.924999924376607,21.92500071786344,1.5
-24.924999924376607,21.875000717118382,1.5
-24.924999924376607,21.825000716373324,1.5
-24.924999924376607,21.775000715628266,1.5
-24.924999924376607,21.72500071488321,1.5
-24.924999924376607,21.67500071413815,1.5
-24.924999924376607,21.625000713393092,1.5
-24.924999924376607,21.575000712648034,1.5
-24.924999924376607,21.525000711902976,1.5
-24.924999924376607,21.475000711157918,1.5
-24.924999924376607,21.42500071041286,1.5
-24.924999924376607,21.375000709667802,1.5
-24.924999924376607,21.325000708922744,1.5
-24.924999924376607,21.275000708177686,1.5
-24.924999924376607,21.225000707432628,1.5
-24.924999924376607,21.17500070668757,1.5
-24.924999924376607,21.12500070594251,1.5
-24.924999924376607,21.075000705197453,1.5
-24.924999924376607,21.025000704452395,1.5
-24.924999924376607,20.975000703707337,1.5
-24.924999924376607,20.92500070296228,1.5
-24.924999924376607,20.87500070221722,1.5
-24.924999924376607,20.825000701472163,1.5
-24.924999924376607,20.775000700727105,1.5
-24.924999924376607,20.725000699982047,1.5
-24.924999924376607,20.67500069923699,1.5
-24.924999924376607,20.62500069849193,1.5
-24.924999924376607,20.575000697746873,1.5
-24.924999924376607,20.525000697001815,1.5
-24.924999924376607,20.475000696256757,1.5
-24.924999924376607,20.4250006955117,1.5
-24.924999924376607,20.37500069476664,1.5
-24.924999924376607,20.325000694021583,1.5
-24.924999924376607,20.275000693276525,1.5
-24.924999924376607,20.225000692531466,1.5
-24.924999924376607,20.17500069178641,1.5
-24.924999924376607,20.12500069104135,1.5
-24.924999924376607,20.075000690296292,1.5
-24.924999924376607,20.025000689551234,1.5
-24.924999924376607,19.975000688806176,1.5
-24.924999924376607,19.925000688061118,1.5
-24.924999924376607,19.87500068731606,1.5
-24.924999924376607,19.825000686571002,1.5
-24.924999924376607,19.775000685825944,1.5
-24.924999924376607,19.725000685080886,1.5
-24.924999924376607,19.675000684335828,1.5
-24.924999924376607,19.62500068359077,1.5
-24.924999924376607,19.57500068284571,1.5
-24.924999924376607,19.525000682100654,1.5
-24.924999924376607,19.475000681355596,1.5
-24.924999924376607,19.425000680610538,1.5
-24.924999924376607,19.37500067986548,1.5
-24.924999924376607,19.32500067912042,1.5
-24.924999924376607,19.275000678375363,1.5
-24.924999924376607,19.225000677630305,1.5
-24.924999924376607,19.175000676885247,1.5
-24.924999924376607,19.12500067614019,1.5
-24.924999924376607,19.07500067539513,1.5
-24.924999924376607,19.025000674650073,1.5
-24.924999924376607,18.975000673905015,1.5
-24.924999924376607,18.925000673159957,1.5
-24.924999924376607,18.8750006724149,1.5
-24.924999924376607,18.82500067166984,1.5
-24.924999924376607,18.775000670924783,1.5
-24.924999924376607,18.725000670179725,1.5
-24.924999924376607,18.675000669434667,1.5
-24.924999924376607,18.62500066868961,1.5
-24.924999924376607,18.57500066794455,1.5
-24.924999924376607,18.525000667199492,1.5
-24.924999924376607,18.475000666454434,1.5
-24.924999924376607,18.425000665709376,1.5
-24.924999924376607,18.37500066496432,1.5
-24.924999924376607,18.32500066421926,1.5
-24.924999924376607,18.275000663474202,1.5
-24.924999924376607,18.225000662729144,1.5
-24.924999924376607,18.175000661984086,1.5
-24.924999924376607,18.125000661239028,1.5
-24.924999924376607,18.07500066049397,1.5
-24.924999924376607,18.025000659748912,1.5
-24.924999924376607,17.975000659003854,1.5
-24.924999924376607,17.925000658258796,1.5
-24.924999924376607,17.875000657513738,1.5
-24.924999924376607,17.82500065676868,1.5
-24.924999924376607,17.77500065602362,1.5
-24.924999924376607,17.725000655278563,1.5
-24.924999924376607,17.675000654533505,1.5
-24.924999924376607,17.625000653788447,1.5
-24.924999924376607,17.57500065304339,1.5
-24.924999924376607,17.52500065229833,1.5
-24.924999924376607,17.475000651553273,1.5
-24.924999924376607,17.425000650808215,1.5
-24.924999924376607,17.375000650063157,1.5
-24.924999924376607,17.3250006493181,1.5
-24.924999924376607,17.27500064857304,1.5
-24.924999924376607,17.225000647827983,1.5
-24.924999924376607,17.175000647082925,1.5
-24.924999924376607,17.125000646337867,1.5
-24.924999924376607,17.07500064559281,1.5
-24.924999924376607,17.02500064484775,1.5
-24.924999924376607,16.975000644102693,1.5
-24.924999924376607,16.925000643357635,1.5
-24.924999924376607,16.875000642612576,1.5
-24.924999924376607,16.82500064186752,1.5
-24.924999924376607,16.77500064112246,1.5
-24.924999924376607,16.725000640377402,1.5
-24.924999924376607,16.675000639632344,1.5
-24.924999924376607,16.625000638887286,1.5
-24.924999924376607,16.575000638142228,1.5
-24.924999924376607,16.52500063739717,1.5
-24.924999924376607,16.475000636652112,1.5
-24.924999924376607,16.425000635907054,1.5
-24.924999924376607,16.375000635161996,1.5
-24.924999924376607,16.325000634416938,1.5
-24.924999924376607,16.27500063367188,1.5
-24.924999924376607,16.22500063292682,1.5
-24.924999924376607,16.175000632181764,1.5
-24.924999924376607,16.125000631436706,1.5
-24.924999924376607,16.075000630691648,1.5
-24.924999924376607,16.02500062994659,1.5
-24.924999924376607,15.975000629201531,1.5
-24.924999924376607,15.925000628456473,1.5
-24.924999924376607,15.875000627711415,1.5
-24.924999924376607,15.825000626966357,1.5
-24.924999924376607,15.7750006262213,1.5
-24.924999924376607,15.725000625476241,1.5
-24.924999924376607,15.675000624731183,1.5
-24.924999924376607,15.625000623986125,1.5
-24.924999924376607,15.575000623241067,1.5
-24.924999924376607,15.525000622496009,1.5
-24.924999924376607,15.47500062175095,1.5
-24.924999924376607,15.425000621005893,1.5
-24.924999924376607,15.375000620260835,1.5
-24.924999924376607,15.325000619515777,1.5
-24.924999924376607,15.275000618770719,1.5
-24.924999924376607,15.22500061802566,1.5
-24.924999924376607,15.175000617280602,1.5
-24.924999924376607,15.125000616535544,1.5
-24.924999924376607,15.075000615790486,1.5
-24.924999924376607,15.025000615045428,1.5
-24.924999924376607,14.97500061430037,1.5
-24.924999924376607,14.925000613555312,1.5
-24.924999924376607,14.875000612810254,1.5
-24.924999924376607,14.825000612065196,1.5
-24.924999924376607,14.775000611320138,1.5
-24.924999924376607,14.72500061057508,1.5
-24.924999924376607,14.675000609830022,1.5
-24.924999924376607,14.625000609084964,1.5
-24.924999924376607,14.575000608339906,1.5
-24.924999924376607,14.525000607594848,1.5
-24.924999924376607,14.47500060684979,1.5
-24.924999924376607,14.425000606104732,1.5
-24.924999924376607,14.375000605359674,1.5
-24.924999924376607,14.325000604614615,1.5
-24.924999924376607,14.275000603869557,1.5
-24.924999924376607,14.2250006031245,1.5
-24.924999924376607,14.175000602379441,1.5
-24.924999924376607,14.125000601634383,1.5
-24.924999924376607,14.075000600889325,1.5
-24.924999924376607,14.025000600144267,1.5
-24.924999924376607,13.975000599399209,1.5
-24.924999924376607,13.925000598654151,1.5
-24.924999924376607,13.875000597909093,1.5
-24.924999924376607,13.825000597164035,1.5
-24.924999924376607,13.775000596418977,1.5
-24.924999924376607,13.725000595673919,1.5
-24.924999924376607,13.67500059492886,1.5
-24.924999924376607,13.625000594183803,1.5
-24.924999924376607,13.575000593438745,1.5
-24.924999924376607,13.525000592693686,1.5
-24.924999924376607,13.475000591948628,1.5
-24.924999924376607,13.42500059120357,1.5
-24.924999924376607,13.375000590458512,1.5
-24.924999924376607,13.325000589713454,1.5
-24.924999924376607,13.275000588968396,1.5
-24.924999924376607,13.225000588223338,1.5
-24.924999924376607,13.17500058747828,1.5
-24.924999924376607,13.125000586733222,1.5
-24.924999924376607,13.075000585988164,1.5
-24.924999924376607,13.025000585243106,1.5
-24.924999924376607,12.975000584498048,1.5
-24.924999924376607,12.92500058375299,1.5
-24.924999924376607,12.875000583007932,1.5
-24.924999924376607,12.825000582262874,1.5
-24.924999924376607,12.775000581517816,1.5
-24.924999924376607,12.725000580772758,1.5
-24.924999924376607,12.6750005800277,1.5
-24.924999924376607,12.625000579282641,1.5
-24.924999924376607,12.575000578537583,1.5
-24.924999924376607,12.525000577792525,1.5
-24.924999924376607,12.475000577047467,1.5
-24.924999924376607,12.42500057630241,1.5
-24.924999924376607,12.375000575557351,1.5
-24.924999924376607,12.325000574812293,1.5
-24.924999924376607,12.275000574067235,1.5
-24.924999924376607,12.225000573322177,1.5
-24.924999924376607,12.175000572577119,1.5
-24.924999924376607,12.12500057183206,1.5
-24.924999924376607,12.075000571087003,1.5
-24.924999924376607,12.025000570341945,1.5
-24.924999924376607,11.975000569596887,1.5
-24.924999924376607,11.925000568851829,1.5
-24.924999924376607,11.87500056810677,1.5
-24.924999924376607,11.825000567361712,1.5
-24.924999924376607,11.775000566616654,1.5
-24.924999924376607,11.725000565871596,1.5
-24.924999924376607,11.675000565126538,1.5
-24.924999924376607,11.62500056438148,1.5
-24.924999924376607,11.575000563636422,1.5
-24.924999924376607,11.525000562891364,1.5
-24.924999924376607,11.475000562146306,1.5
-24.924999924376607,11.425000561401248,1.5
-24.924999924376607,11.37500056065619,1.5
-24.924999924376607,11.325000559911132,1.5
-24.924999924376607,11.275000559166074,1.5
-24.924999924376607,11.225000558421016,1.5
-24.924999924376607,11.175000557675958,1.5
-24.924999924376607,11.1250005569309,1.5
-24.924999924376607,11.075000556185842,1.5
-24.924999924376607,11.025000555440784,1.5
-24.924999924376607,10.975000554695725,1.5
-24.924999924376607,10.925000553950667,1.5
-24.924999924376607,10.87500055320561,1.5
-24.924999924376607,10.825000552460551,1.5
-24.924999924376607,10.775000551715493,1.5
-24.924999924376607,10.725000550970435,1.5
-24.924999924376607,10.675000550225377,1.5
-24.924999924376607,10.625000549480319,1.5
-24.924999924376607,10.575000548735261,1.5
-24.924999924376607,10.525000547990203,1.5
-24.924999924376607,10.475000547245145,1.5
-24.924999924376607,10.425000546500087,1.5
-24.924999924376607,10.375000545755029,1.5
-24.924999924376607,10.32500054500997,1.5
-24.924999924376607,10.275000544264913,1.5
-24.924999924376607,10.225000543519855,1.5
-24.924999924376607,10.175000542774796,1.5
-24.924999924376607,10.125000542029738,1.5
-24.924999924376607,10.07500054128468,1.5
-24.924999924376607,10.025000540539622,1.5
-24.924999924376607,9.975000539794564,1.5
-24.924999924376607,9.925000539049506,1.5
-24.924999924376607,9.875000538304448,1.5
-24.924999924376607,9.82500053755939,1.5
-24.924999924376607,9.775000536814332,1.5
-24.924999924376607,9.725000536069274,1.5
-24.924999924376607,9.675000535324216,1.5
-24.924999924376607,9.625000534579158,1.5
-24.924999924376607,9.5750005338341,1.5
-24.924999924376607,9.525000533089042,1.5
-24.924999924376607,9.475000532343984,1.5
-24.924999924376607,9.425000531598926,1.5
-24.924999924376607,9.375000530853868,1.5
-24.924999924376607,9.32500053010881,1.5
-24.924999924376607,9.275000529363751,1.5
-24.924999924376607,9.225000528618693,1.5
-24.924999924376607,9.175000527873635,1.5
-24.924999924376607,9.125000527128577,1.5
-24.924999924376607,9.07500052638352,1.5
-24.924999924376607,9.025000525638461,1.5
-24.924999924376607,8.975000524893403,1.5
-24.924999924376607,8.925000524148345,1.5
-24.924999924376607,8.875000523403287,1.5
-24.924999924376607,8.825000522658229,1.5
-24.924999924376607,8.77500052191317,1.5
-24.924999924376607,8.725000521168113,1.5
-24.924999924376607,8.675000520423055,1.5
-24.924999924376607,8.625000519677997,1.5
-24.924999924376607,8.575000518932939,1.5
-24.924999924376607,8.52500051818788,1.5
-24.924999924376607,8.475000517442822,1.5
-24.924999924376607,8.425000516697764,1.5
-24.924999924376607,8.375000515952706,1.5
-24.924999924376607,8.325000515207648,1.5
-24.924999924376607,8.27500051446259,1.5
-24.924999924376607,8.225000513717532,1.5
-24.924999924376607,8.175000512972474,1.5
-24.924999924376607,8.125000512227416,1.5
-24.924999924376607,8.075000511482358,1.5
-24.924999924376607,8.0250005107373,1.5
-24.924999924376607,7.975000509992242,1.5
-24.924999924376607,7.925000509247184,1.5
-24.924999924376607,7.875000508502126,1.5
-24.924999924376607,7.825000507757068,1.5
-24.924999924376607,7.77500050701201,1.5
-24.924999924376607,7.725000506266952,1.5
-24.924999924376607,7.6750005055218935,1.5
-24.924999924376607,7.625000504776835,1.5
-24.924999924376607,7.575000504031777,1.5
-24.924999924376607,7.525000503286719,1.5
-24.924999924376607,7.475000502541661,1.5
-24.924999924376607,7.425000501796603,1.5
-24.924999924376607,7.375000501051545,1.5
-24.924999924376607,7.325000500306487,1.5
-24.924999924376607,7.275000499561429,1.5
-24.924999924376607,7.225000498816371,1.5
-24.924999924376607,7.175000498071313,1.5
-24.924999924376607,7.125000497326255,1.5
-24.924999924376607,7.075000496581197,1.5
-24.924999924376607,7.025000495836139,1.5
-24.924999924376607,6.975000495091081,1.5
-24.924999924376607,6.925000494346023,1.5
-24.924999924376607,6.8750004936009645,1.5
-24.924999924376607,6.8250004928559065,1.5
-24.924999924376607,6.775000492110848,1.5
-24.924999924376607,6.72500049136579,1.5
-24.924999924376607,6.675000490620732,1.5
-24.924999924376607,6.625000489875674,1.5
-24.924999924376607,6.575000489130616,1.5
-24.924999924376607,6.525000488385558,1.5
-24.924999924376607,6.4750004876405,1.5
-24.924999924376607,6.425000486895442,1.5
-24.924999924376607,6.375000486150384,1.5
-24.924999924376607,6.325000485405326,1.5
-24.924999924376607,6.275000484660268,1.5
-24.924999924376607,6.22500048391521,1.5
-24.924999924376607,6.175000483170152,1.5
-24.924999924376607,6.125000482425094,1.5
-24.924999924376607,6.075000481680036,1.5
-24.924999924376607,6.0250004809349775,1.5
-24.924999924376607,5.9750004801899195,1.5
-24.924999924376607,5.925000479444861,1.5
-24.924999924376607,5.875000478699803,1.5
-24.924999924376607,5.825000477954745,1.5
-24.924999924376607,5.775000477209687,1.5
-24.924999924376607,5.725000476464629,1.5
-24.924999924376607,5.675000475719571,1.5
-24.924999924376607,5.625000474974513,1.5
-24.924999924376607,5.575000474229455,1.5
-24.924999924376607,5.525000473484397,1.5
-24.924999924376607,5.475000472739339,1.5
-24.924999924376607,5.425000471994281,1.5
-24.924999924376607,5.375000471249223,1.5
-24.924999924376607,5.325000470504165,1.5
-24.924999924376607,5.275000469759107,1.5
-24.924999924376607,5.225000469014049,1.5
-24.924999924376607,5.1750004682689905,1.5
-24.924999924376607,5.1250004675239325,1.5
-24.924999924376607,5.075000466778874,1.5
-24.924999924376607,5.025000466033816,1.5
-24.924999924376607,4.975000465288758,1.5
-24.924999924376607,4.9250004645437,1.5
-24.924999924376607,4.875000463798642,1.5
-24.924999924376607,4.825000463053584,1.5
-24.924999924376607,4.775000462308526,1.5
-24.924999924376607,4.725000461563468,1.5
-24.924999924376607,4.67500046081841,1.5
-24.924999924376607,4.625000460073352,1.5
-24.924999924376607,4.575000459328294,1.5
-24.924999924376607,4.525000458583236,1.5
-24.924999924376607,4.475000457838178,1.5
-24.924999924376607,4.42500045709312,1.5
-24.924999924376607,4.375000456348062,1.5
-24.924999924376607,4.3250004556030035,1.5
-24.924999924376607,4.275000454857945,1.5
-24.924999924376607,4.225000454112887,1.5
-24.924999924376607,4.175000453367829,1.5
-24.924999924376607,4.125000452622771,1.5
-24.924999924376607,4.075000451877713,1.5
-24.924999924376607,4.025000451132655,1.5
-24.924999924376607,3.975000450387597,1.5
-24.924999924376607,3.925000449642539,1.5
-24.924999924376607,3.875000448897481,1.5
-24.924999924376607,3.825000448152423,1.5
-24.924999924376607,3.775000447407365,1.5
-24.924999924376607,3.725000446662307,1.5
-24.924999924376607,3.6750004459172487,1.5
-24.924999924376607,3.6250004451721907,1.5
-24.924999924376607,3.5750004444271326,1.5
-24.924999924376607,3.5250004436820745,1.5
-24.924999924376607,3.4750004429370165,1.5
-24.924999924376607,3.4250004421919584,1.5
-24.924999924376607,3.3750004414469004,1.5
-24.924999924376607,3.3250004407018423,1.5
-24.924999924376607,3.2750004399567842,1.5
-24.924999924376607,3.225000439211726,1.5
-24.924999924376607,3.175000438466668,1.5
-24.924999924376607,3.12500043772161,1.5
-24.924999924376607,3.075000436976552,1.5
-24.924999924376607,3.025000436231494,1.5
-24.924999924376607,2.975000435486436,1.5
-24.924999924376607,2.925000434741378,1.5
-24.924999924376607,2.8750004339963198,1.5
-24.924999924376607,2.8250004332512617,1.5
-24.924999924376607,2.7750004325062037,1.5
-24.924999924376607,2.7250004317611456,1.5
-24.924999924376607,2.6750004310160875,1.5
-24.924999924376607,2.6250004302710295,1.5
-24.924999924376607,2.5750004295259714,1.5
-24.924999924376607,2.5250004287809134,1.5
-24.924999924376607,2.4750004280358553,1.5
-24.924999924376607,2.4250004272907972,1.5
-24.924999924376607,2.375000426545739,1.5
-24.924999924376607,2.325000425800681,1.5
-24.924999924376607,2.275000425055623,1.5
-24.924999924376607,2.225000424310565,1.5
-24.924999924376607,2.175000423565507,1.5
-24.924999924376607,2.125000422820449,1.5
-24.924999924376607,2.075000422075391,1.5
-24.924999924376607,2.0250004213303328,1.5
-24.924999924376607,1.9750004205852747,1.5
-24.924999924376607,1.9250004198402166,1.5
-24.924999924376607,1.8750004190951586,1.5
-24.924999924376607,1.8250004183501005,1.5
-24.924999924376607,1.7750004176050425,1.5
-24.924999924376607,1.7250004168599844,1.5
-24.924999924376607,1.6750004161149263,1.5
-24.924999924376607,1.6250004153698683,1.5
-24.924999924376607,1.5750004146248102,1.5
-24.924999924376607,1.5250004138797522,1.5
-24.924999924376607,1.475000413134694,1.5
-24.924999924376607,1.425000412389636,1.5
-24.924999924376607,1.375000411644578,1.5
-24.924999924376607,1.32500041089952,1.5
-24.924999924376607,1.2750004101544619,1.5
-24.924999924376607,1.2250004094094038,1.5
-24.924999924376607,1.1750004086643457,1.5
-24.924999924376607,1.1250004079192877,1.5
-24.924999924376607,1.0750004071742296,1.5
-24.924999924376607,1.0250004064291716,1.5
-24.924999924376607,0.9750004056841135,1.5
-24.924999924376607,0.9250004049390554,1.5
-24.924999924376607,0.8750004041939974,1.5
-24.924999924376607,0.8250004034489393,1.5
-24.924999924376607,0.7750004027038813,1.5
-24.924999924376607,0.7250004019588232,1.5
-24.924999924376607,0.6750004012137651,1.5
-24.924999924376607,0.6250004004687071,1.5
-24.924999924376607,0.575000399723649,1.5
-24.924999924376607,0.525000398978591,1.5
-24.924999924376607,0.4750003982335329,1.5
-24.924999924376607,0.42500039748847485,1.5
-24.924999924376607,0.3750003967434168,1.5
-24.924999924376607,0.3250003959983587,1.5
-24.924999924376607,0.27500039525330067,1.5
-24.924999924376607,0.2250003945082426,1.5
-24.924999924376607,0.17500039376318455,1.5
-24.924999924376607,0.1250003930181265,1.5
-24.924999924376607,0.07500039227306843,1.5
-24.924999924376607,0.02500039152801037,1.5
-24.924999924376607,-0.02499960921704769,1.5
-24.924999924376607,-0.07499960996210575,1.5
-24.924999924376607,-0.12499961070716381,1.5
-24.924999924376607,-0.17499961145222187,1.5
-24.924999924376607,-0.22499961219727993,1.5
-24.924999924376607,-0.274999612942338,1.5
-24.924999924376607,-0.32499961368739605,1.5
-24.924999924376607,-0.3749996144324541,1.5
-24.924999924376607,-0.42499961517751217,1.5
-24.924999924376607,-0.47499961592257023,1.5
-24.924999924376607,-0.5249996166676283,1.5
-24.924999924376607,-0.5749996174126863,1.5
-24.924999924376607,-0.6249996181577444,1.5
-24.924999924376607,-0.6749996189028025,1.5
-24.924999924376607,-0.7249996196478605,1.5
-24.924999924376607,-0.7749996203929186,1.5
-24.924999924376607,-0.8249996211379766,1.5
-24.924999924376607,-0.8749996218830347,1.5
-24.924999924376607,-0.9249996226280928,1.5
-24.924999924376607,-0.9749996233731508,1.5
-24.924999924376607,-1.0249996241182089,1.5
-24.924999924376607,-1.074999624863267,1.5
-24.924999924376607,-1.124999625608325,1.5
-24.924999924376607,-1.174999626353383,1.5
-24.924999924376607,-1.2249996270984411,1.5
-24.924999924376607,-1.2749996278434992,1.5
-24.924999924376607,-1.3249996285885572,1.5
-24.924999924376607,-1.3749996293336153,1.5
-24.924999924376607,-1.4249996300786734,1.5
-24.924999924376607,-1.4749996308237314,1.5
-24.924999924376607,-1.5249996315687895,1.5
-24.924999924376607,-1.5749996323138475,1.5
-24.924999924376607,-1.6249996330589056,1.5
-24.924999924376607,-1.6749996338039637,1.5
-24.924999924376607,-1.7249996345490217,1.5
-24.924999924376607,-1.7749996352940798,1.5
-24.924999924376607,-1.8249996360391378,1.5
-24.924999924376607,-1.874999636784196,1.5
-24.924999924376607,-1.924999637529254,1.5
-24.924999924376607,-1.974999638274312,1.5
-24.924999924376607,-2.02499963901937,1.5
-24.924999924376607,-2.074999639764428,1.5
-24.924999924376607,-2.124999640509486,1.5
-24.924999924376607,-2.1749996412545443,1.5
-24.924999924376607,-2.2249996419996023,1.5
-24.924999924376607,-2.2749996427446604,1.5
-24.924999924376607,-2.3249996434897184,1.5
-24.924999924376607,-2.3749996442347765,1.5
-24.924999924376607,-2.4249996449798346,1.5
-24.924999924376607,-2.4749996457248926,1.5
-24.924999924376607,-2.5249996464699507,1.5
-24.924999924376607,-2.5749996472150087,1.5
-24.924999924376607,-2.624999647960067,1.5
-24.924999924376607,-2.674999648705125,1.5
-24.924999924376607,-2.724999649450183,1.5
-24.924999924376607,-2.774999650195241,1.5
-24.924999924376607,-2.824999650940299,1.5
-24.924999924376607,-2.874999651685357,1.5
-24.924999924376607,-2.924999652430415,1.5
-24.924999924376607,-2.974999653175473,1.5
-24.924999924376607,-3.0249996539205313,1.5
-24.924999924376607,-3.0749996546655893,1.5
-24.924999924376607,-3.1249996554106474,1.5
-24.924999924376607,-3.1749996561557055,1.5
-24.924999924376607,-3.2249996569007635,1.5
-24.924999924376607,-3.2749996576458216,1.5
-24.924999924376607,-3.3249996583908796,1.5
-24.924999924376607,-3.3749996591359377,1.5
-24.924999924376607,-3.4249996598809958,1.5
-24.924999924376607,-3.474999660626054,1.5
-24.924999924376607,-3.524999661371112,1.5
-24.924999924376607,-3.57499966211617,1.5
-24.924999924376607,-3.624999662861228,1.5
-24.924999924376607,-3.674999663606286,1.5
-24.924999924376607,-3.724999664351344,1.5
-24.924999924376607,-3.774999665096402,1.5
-24.924999924376607,-3.8249996658414602,1.5
-24.924999924376607,-3.8749996665865183,1.5
-24.924999924376607,-3.9249996673315763,1.5
-24.924999924376607,-3.9749996680766344,1.5
-24.924999924376607,-4.0249996688216925,1.5
-24.924999924376607,-4.0749996695667505,1.5
-24.924999924376607,-4.124999670311809,1.5
-24.924999924376607,-4.174999671056867,1.5
-24.924999924376607,-4.224999671801925,1.5
-24.924999924376607,-4.274999672546983,1.5
-24.924999924376607,-4.324999673292041,1.5
-24.924999924376607,-4.374999674037099,1.5
-24.924999924376607,-4.424999674782157,1.5
-24.924999924376607,-4.474999675527215,1.5
-24.924999924376607,-4.524999676272273,1.5
-24.924999924376607,-4.574999677017331,1.5
-24.924999924376607,-4.624999677762389,1.5
-24.924999924376607,-4.674999678507447,1.5
-24.924999924376607,-4.724999679252505,1.5
-24.924999924376607,-4.774999679997563,1.5
-24.924999924376607,-4.824999680742621,1.5
-24.924999924376607,-4.8749996814876795,1.5
-24.924999924376607,-4.9249996822327375,1.5
-24.924999924376607,-4.974999682977796,1.5
-24.924999924376607,-5.024999683722854,1.5
-24.924999924376607,-5.074999684467912,1.5
-24.924999924376607,-5.12499968521297,1.5
-24.924999924376607,-5.174999685958028,1.5
-24.924999924376607,-5.224999686703086,1.5
-24.924999924376607,-5.274999687448144,1.5
-24.924999924376607,-5.324999688193202,1.5
-24.924999924376607,-5.37499968893826,1.5
-24.924999924376607,-5.424999689683318,1.5
-24.924999924376607,-5.474999690428376,1.5
-24.924999924376607,-5.524999691173434,1.5
-24.924999924376607,-5.574999691918492,1.5
-24.924999924376607,-5.62499969266355,1.5
-24.924999924376607,-5.674999693408608,1.5
-24.924999924376607,-5.7249996941536665,1.5
-24.924999924376607,-5.774999694898725,1.5
-24.924999924376607,-5.824999695643783,1.5
-24.924999924376607,-5.874999696388841,1.5
-24.924999924376607,-5.924999697133899,1.5
-24.924999924376607,-5.974999697878957,1.5
-24.924999924376607,-6.024999698624015,1.5
-24.924999924376607,-6.074999699369073,1.5
-24.924999924376607,-6.124999700114131,1.5
-24.924999924376607,-6.174999700859189,1.5
-24.924999924376607,-6.224999701604247,1.5
-24.924999924376607,-6.274999702349305,1.5
-24.924999924376607,-6.324999703094363,1.5
-24.924999924376607,-6.374999703839421,1.5
-24.924999924376607,-6.424999704584479,1.5
-24.924999924376607,-6.474999705329537,1.5
-24.924999924376607,-6.5249997060745955,1.5
-24.924999924376607,-6.5749997068196535,1.5
-24.924999924376607,-6.624999707564712,1.5
-24.924999924376607,-6.67499970830977,1.5
-24.924999924376607,-6.724999709054828,1.5
-24.924999924376607,-6.774999709799886,1.5
-24.924999924376607,-6.824999710544944,1.5
-24.924999924376607,-6.874999711290002,1.5
-24.924999924376607,-6.92499971203506,1.5
-24.924999924376607,-6.974999712780118,1.5
-24.924999924376607,-7.024999713525176,1.5
-24.924999924376607,-7.074999714270234,1.5
-24.924999924376607,-7.124999715015292,1.5
-24.924999924376607,-7.17499971576035,1.5
-24.924999924376607,-7.224999716505408,1.5
-24.924999924376607,-7.274999717250466,1.5
-24.924999924376607,-7.324999717995524,1.5
-24.924999924376607,-7.3749997187405825,1.5
-24.924999924376607,-7.4249997194856405,1.5
-24.924999924376607,-7.474999720230699,1.5
-24.924999924376607,-7.524999720975757,1.5
-24.924999924376607,-7.574999721720815,1.5
-24.924999924376607,-7.624999722465873,1.5
-24.924999924376607,-7.674999723210931,1.5
-24.924999924376607,-7.724999723955989,1.5
-24.924999924376607,-7.774999724701047,1.5
-24.924999924376607,-7.824999725446105,1.5
-24.924999924376607,-7.874999726191163,1.5
-24.924999924376607,-7.924999726936221,1.5
-24.924999924376607,-7.974999727681279,1.5
-24.924999924376607,-8.024999728426337,1.5
-24.924999924376607,-8.074999729171395,1.5
-24.924999924376607,-8.124999729916453,1.5
-24.924999924376607,-8.174999730661511,1.5
-24.924999924376607,-8.22499973140657,1.5
-24.924999924376607,-8.274999732151628,1.5
-24.924999924376607,-8.324999732896686,1.5
-24.924999924376607,-8.374999733641744,1.5
-24.924999924376607,-8.424999734386802,1.5
-24.924999924376607,-8.47499973513186,1.5
-24.924999924376607,-8.524999735876918,1.5
-24.924999924376607,-8.574999736621976,1.5
-24.924999924376607,-8.624999737367034,1.5
-24.924999924376607,-8.674999738112092,1.5
-24.924999924376607,-8.72499973885715,1.5
-24.924999924376607,-8.774999739602208,1.5
-24.924999924376607,-8.824999740347266,1.5
-24.924999924376607,-8.874999741092324,1.5
-24.924999924376607,-8.924999741837382,1.5
-24.924999924376607,-8.97499974258244,1.5
-24.924999924376607,-9.024999743327498,1.5
-24.924999924376607,-9.074999744072556,1.5
-24.924999924376607,-9.124999744817615,1.5
-24.924999924376607,-9.174999745562673,1.5
-24.924999924376607,-9.22499974630773,1.5
-24.924999924376607,-9.274999747052789,1.5
-24.924999924376607,-9.324999747797847,1.5
-24.924999924376607,-9.374999748542905,1.5
-24.924999924376607,-9.424999749287963,1.5
-24.924999924376607,-9.474999750033021,1.5
-24.924999924376607,-9.524999750778079,1.5
-24.924999924376607,-9.574999751523137,1.5
-24.924999924376607,-9.624999752268195,1.5
-24.924999924376607,-9.674999753013253,1.5
-24.924999924376607,-9.724999753758311,1.5
-24.924999924376607,-9.77499975450337,1.5
-24.924999924376607,-9.824999755248427,1.5
-24.924999924376607,-9.874999755993485,1.5
-24.924999924376607,-9.924999756738544,1.5
-24.924999924376607,-9.974999757483602,1.5
-24.924999924376607,-10.02499975822866,1.5
-24.924999924376607,-10.074999758973718,1.5
-24.924999924376607,-10.124999759718776,1.5
-24.924999924376607,-10.174999760463834,1.5
-24.924999924376607,-10.224999761208892,1.5
-24.924999924376607,-10.27499976195395,1.5
-24.924999924376607,-10.324999762699008,1.5
-24.924999924376607,-10.374999763444066,1.5
-24.924999924376607,-10.424999764189124,1.5
-24.924999924376607,-10.474999764934182,1.5
-24.924999924376607,-10.52499976567924,1.5
-24.924999924376607,-10.574999766424298,1.5
-24.924999924376607,-10.624999767169356,1.5
-24.924999924376607,-10.674999767914414,1.5
-24.924999924376607,-10.724999768659472,1.5
-24.924999924376607,-10.77499976940453,1.5
-24.924999924376607,-10.824999770149589,1.5
-24.924999924376607,-10.874999770894647,1.5
-24.924999924376607,-10.924999771639705,1.5
-24.924999924376607,-10.974999772384763,1.5
-24.924999924376607,-11.02499977312982,1.5
-24.924999924376607,-11.074999773874879,1.5
-24.924999924376607,-11.124999774619937,1.5
-24.924999924376607,-11.174999775364995,1.5
-24.924999924376607,-11.224999776110053,1.5
-24.924999924376607,-11.274999776855111,1.5
-24.924999924376607,-11.32499977760017,1.5
-24.924999924376607,-11.374999778345227,1.5
-24.924999924376607,-11.424999779090285,1.5
-24.924999924376607,-11.474999779835343,1.5
-24.924999924376607,-11.524999780580401,1.5
-24.924999924376607,-11.57499978132546,1.5
-24.924999924376607,-11.624999782070518,1.5
-24.924999924376607,-11.674999782815576,1.5
-24.924999924376607,-11.724999783560634,1.5
-24.924999924376607,-11.774999784305692,1.5
-24.924999924376607,-11.82499978505075,1.5
-24.924999924376607,-11.874999785795808,1.5
-24.924999924376607,-11.924999786540866,1.5
-24.924999924376607,-11.974999787285924,1.5
-24.924999924376607,-12.024999788030982,1.5
-24.924999924376607,-12.07499978877604,1.5
-24.924999924376607,-12.124999789521098,1.5
-24.924999924376607,-12.174999790266156,1.5
-24.924999924376607,-12.224999791011214,1.5
-24.924999924376607,-12.274999791756272,1.5
-24.924999924376607,-12.32499979250133,1.5
-24.924999924376607,-12.374999793246388,1.5
-24.924999924376607,-12.424999793991446,1.5
-24.924999924376607,-12.474999794736505,1.5
-24.924999924376607,-12.524999795481563,1.5
-24.924999924376607,-12.57499979622662,1.5
-24.924999924376607,-12.624999796971679,1.5
-24.924999924376607,-12.674999797716737,1.5
-24.924999924376607,-12.724999798461795,1.5
-24.924999924376607,-12.774999799206853,1.5
-24.924999924376607,-12.824999799951911,1.5
-24.924999924376607,-12.874999800696969,1.5
-24.924999924376607,-12.924999801442027,1.5
-24.924999924376607,-12.974999802187085,1.5
-24.924999924376607,-13.024999802932143,1.5
-24.924999924376607,-13.074999803677201,1.5
-24.924999924376607,-13.12499980442226,1.5
-24.924999924376607,-13.174999805167317,1.5
-24.924999924376607,-13.224999805912375,1.5
-24.924999924376607,-13.274999806657434,1.5
-24.924999924376607,-13.324999807402492,1.5
-24.924999924376607,-13.37499980814755,1.5
-24.924999924376607,-13.424999808892608,1.5
-24.924999924376607,-13.474999809637666,1.5
-24.924999924376607,-13.524999810382724,1.5
-24.924999924376607,-13.574999811127782,1.5
-24.924999924376607,-13.62499981187284,1.5
-24.924999924376607,-13.674999812617898,1.5
-24.924999924376607,-13.724999813362956,1.5
-24.924999924376607,-13.774999814108014,1.5
-24.924999924376607,-13.824999814853072,1.5
-24.924999924376607,-13.87499981559813,1.5
-24.924999924376607,-13.924999816343188,1.5
-24.924999924376607,-13.974999817088246,1.5
-24.924999924376607,-14.024999817833304,1.5
-24.924999924376607,-14.074999818578362,1.5
-24.924999924376607,-14.12499981932342,1.5
-24.924999924376607,-14.174999820068479,1.5
-24.924999924376607,-14.224999820813537,1.5
-24.924999924376607,-14.274999821558595,1.5
-24.924999924376607,-14.324999822303653,1.5
-24.924999924376607,-14.37499982304871,1.5
-24.924999924376607,-14.424999823793769,1.5
-24.924999924376607,-14.474999824538827,1.5
-24.924999924376607,-14.524999825283885,1.5
-24.924999924376607,-14.574999826028943,1.5
-24.924999924376607,-14.624999826774001,1.5
-24.924999924376607,-14.67499982751906,1.5
-24.924999924376607,-14.724999828264117,1.5
-24.924999924376607,-14.774999829009175,1.5
-24.924999924376607,-14.824999829754233,1.5
-24.924999924376607,-14.874999830499291,1.5
-24.924999924376607,-14.92499983124435,1.5
-24.924999924376607,-14.974999831989408,1.5
-24.924999924376607,-15.024999832734466,1.5
-24.924999924376607,-15.074999833479524,1.5
-24.924999924376607,-15.124999834224582,1.5
-24.924999924376607,-15.17499983496964,1.5
-24.924999924376607,-15.224999835714698,1.5
-24.924999924376607,-15.274999836459756,1.5
-24.924999924376607,-15.324999837204814,1.5
-24.924999924376607,-15.374999837949872,1.5
-24.924999924376607,-15.42499983869493,1.5
-24.924999924376607,-15.474999839439988,1.5
-24.924999924376607,-15.524999840185046,1.5
-24.924999924376607,-15.574999840930104,1.5
-24.924999924376607,-15.624999841675162,1.5
-24.924999924376607,-15.67499984242022,1.5
-24.924999924376607,-15.724999843165278,1.5
-24.924999924376607,-15.774999843910336,1.5
-24.924999924376607,-15.824999844655395,1.5
-24.924999924376607,-15.874999845400453,1.5
-24.924999924376607,-15.92499984614551,1.5
-24.924999924376607,-15.974999846890569,1.5
-24.924999924376607,-16.024999847635627,1.5
-24.924999924376607,-16.074999848380685,1.5
-24.924999924376607,-16.124999849125743,1.5
-24.924999924376607,-16.1749998498708,1.5
-24.924999924376607,-16.22499985061586,1.5
-24.924999924376607,-16.274999851360917,1.5
-24.924999924376607,-16.324999852105975,1.5
-24.924999924376607,-16.374999852851033,1.5
-24.924999924376607,-16.42499985359609,1.5
-24.924999924376607,-16.47499985434115,1.5
-24.924999924376607,-16.524999855086207,1.5
-24.924999924376607,-16.574999855831265,1.5
-24.924999924376607,-16.624999856576324,1.5
-24.924999924376607,-16.67499985732138,1.5
-24.924999924376607,-16.72499985806644,1.5
-24.924999924376607,-16.774999858811498,1.5
-24.924999924376607,-16.824999859556556,1.5
-24.924999924376607,-16.874999860301614,1.5
-24.924999924376607,-16.924999861046672,1.5
-24.924999924376607,-16.97499986179173,1.5
-24.924999924376607,-17.024999862536788,1.5
-24.924999924376607,-17.074999863281846,1.5
-24.924999924376607,-17.124999864026904,1.5
-24.924999924376607,-17.174999864771962,1.5
-24.924999924376607,-17.22499986551702,1.5
-24.924999924376607,-17.27499986626208,1.5
-24.924999924376607,-17.324999867007136,1.5
-24.924999924376607,-17.374999867752194,1.5
-24.924999924376607,-17.424999868497252,1.5
-24.924999924376607,-17.47499986924231,1.5
-24.924999924376607,-17.52499986998737,1.5
-24.924999924376607,-17.574999870732427,1.5
-24.924999924376607,-17.624999871477485,1.5
-24.924999924376607,-17.674999872222543,1.5
-24.924999924376607,-17.7249998729676,1.5
-24.924999924376607,-17.77499987371266,1.5
-24.924999924376607,-17.824999874457717,1.5
-24.924999924376607,-17.874999875202775,1.5
-24.924999924376607,-17.924999875947833,1.5
-24.924999924376607,-17.97499987669289,1.5
-24.924999924376607,-18.02499987743795,1.5
-24.924999924376607,-18.074999878183007,1.5
-24.924999924376607,-18.124999878928065,1.5
-24.924999924376607,-18.174999879673123,1.5
-24.924999924376607,-18.22499988041818,1.5
-24.924999924376607,-18.27499988116324,1.5
-24.924999924376607,-18.324999881908298,1.5
-24.924999924376607,-18.374999882653356,1.5
-24.924999924376607,-18.424999883398414,1.5
-24.924999924376607,-18.47499988414347,1.5
-24.924999924376607,-18.52499988488853,1.5
-24.924999924376607,-18.574999885633588,1.5
-24.924999924376607,-18.624999886378646,1.5
-24.924999924376607,-18.674999887123704,1.5
-24.924999924376607,-18.724999887868762,1.5
-24.924999924376607,-18.77499988861382,1.5
-24.924999924376607,-18.824999889358878,1.5
-24.924999924376607,-18.874999890103936,1.5
-24.924999924376607,-18.924999890848994,1.5
-24.924999924376607,-18.974999891594052,1.5
-24.924999924376607,-19.02499989233911,1.5
-24.924999924376607,-19.07499989308417,1.5
-24.924999924376607,-19.124999893829226,1.5
-24.924999924376607,-19.174999894574285,1.5
-24.924999924376607,-19.224999895319343,1.5
-24.924999924376607,-19.2749998960644,1.5
-24.924999924376607,-19.32499989680946,1.5
-24.924999924376607,-19.374999897554517,1.5
-24.924999924376607,-19.424999898299575,1.5
-24.924999924376607,-19.474999899044633,1.5
-24.924999924376607,-19.52499989978969,1.5
-24.924999924376607,-19.57499990053475,1.5
-24.924999924376607,-19.624999901279807,1.5
-24.924999924376607,-19.674999902024865,1.5
-24.924999924376607,-19.724999902769923,1.5
-24.924999924376607,-19.77499990351498,1.5
-24.924999924376607,-19.82499990426004,1.5
-24.924999924376607,-19.874999905005097,1.5
-24.924999924376607,-19.924999905750155,1.5
-24.924999924376607,-19.974999906495214,1.5
-24.924999924376607,-20.02499990724027,1.5
-24.924999924376607,-20.07499990798533,1.5
-24.924999924376607,-20.124999908730388,1.5
-24.924999924376607,-20.174999909475446,1.5
-24.924999924376607,-20.224999910220504,1.5
-24.924999924376607,-20.274999910965562,1.5
-24.924999924376607,-20.32499991171062,1.5
-24.924999924376607,-20.374999912455678,1.5
-24.924999924376607,-20.424999913200736,1.5
-24.87499992363155,-20.474999913945794,1.5
-24.82499992288649,-20.524999914690852,1.5
-24.774999922141433,-20.57499991543591,1.5
-24.724999921396375,-20.62499991618097,1.5
-24.674999920651317,-20.674999916926026,1.5
-24.674999920651317,-20.724999917671084,1.5
-24.62499991990626,-20.774999918416142,1.5
-24.5749999191612,-20.8249999191612,1.5
-24.524999918416142,-20.87499991990626,1.5
-24.474999917671084,-20.924999920651317,1.5
-24.424999916926026,-20.974999921396375,1.5
-24.37499991618097,-21.024999922141433,1.5
-24.32499991543591,-21.07499992288649,1.5
-24.274999914690852,-21.12499992363155,1.5
-24.224999913945794,-21.174999924376607,1.5
-24.174999913200736,-21.224999925121665,1.5
-24.124999912455678,-21.274999925866723,1.5
-24.07499991171062,-21.32499992661178,1.5
-24.024999910965562,-21.37499992735684,1.5
-23.974999910220504,-21.424999928101897,1.5
-23.924999909475446,-21.474999928846955,1.5
-23.874999908730388,-21.524999929592013,1.5
-23.82499990798533,-21.57499993033707,1.5
-23.77499990724027,-21.62499993108213,1.5
-23.724999906495214,-21.674999931827188,1.5
-23.674999905750155,-21.724999932572246,1.5
-23.624999905005097,-21.774999933317304,1.5
-23.57499990426004,-21.82499993406236,1.5
-23.52499990351498,-21.87499993480742,1.5
-23.52499990351498,-21.924999935552478,1.5
-23.52499990351498,-21.974999936297536,1.5
-23.52499990351498,-22.024999937042594,1.5
-23.52499990351498,-22.074999937787652,1.5
-23.52499990351498,-22.12499993853271,1.5
-23.52499990351498,-22.174999939277768,1.5
-23.52499990351498,-22.224999940022826,1.5
-23.52499990351498,-22.274999940767884,1.5
-23.52499990351498,-22.324999941512942,1.5
-23.52499990351498,-22.374999942258,1.5
-23.52499990351498,-22.42499994300306,1.5
-23.52499990351498,-22.474999943748116,1.5
-23.52499990351498,-22.524999944493175,1.5
-23.52499990351498,-22.574999945238233,1.5
-23.52499990351498,-22.62499994598329,1.5
-23.52499990351498,-22.67499994672835,1.5
-23.52499990351498,-22.724999947473407,1.5
-23.52499990351498,-22.774999948218465,1.5
-23.52499990351498,-22.824999948963523,1.5
-23.52499990351498,-22.87499994970858,1.5
-23.52499990351498,-22.92499995045364,1.5
-23.52499990351498,-22.974999951198697,1.5
-23.52499990351498,-23.024999951943755,1.5
-23.52499990351498,-23.074999952688813,1.5
-23.52499990351498,-23.12499995343387,1.5
-23.52499990351498,-23.17499995417893,1.5
-23.474999902769923,-23.224999954923987,1.5
-23.424999902024865,-23.274999955669045,1.5
-23.424999902024865,-23.324999956414104,1.5
-23.35,-23.35,0.0
-23.35,-23.35,0.0
-23.424999902024865,-23.37499995715916,1.5
-23.474999902769923,-23.324999956414104,1.5
-23.52499990351498,-23.274999955669045,1.5
-23.57499990426004,-23.224999954923987,1.5
-23.624999905005097,-23.17499995417893,1.5
-23.674999905750155,-23.12499995343387,1.5
-23.724999906495214,-23.074999952688813,1.5
-23.77499990724027,-23.024999951943755,1.5
-23.82499990798533,-22.974999951198697,1.5
-23.874999908730388,-22.92499995045364,1.5
-23.924999909475446,-22.87499994970858,1.5
-23.974999910220504,-22.824999948963523,1.5
-24.024999910965562,-22.774999948218465,1.5
-24.07499991171062,-22.724999947473407,1.5
-24.124999912455678,-22.67499994672835,1.5
-24.174999913200736,-22.62499994598329,1.5
-24.224999913945794,-22.574999945238233,1.5
-24.274999914690852,-22.574999945238233,1.5
-24.32499991543591,-22.574999945238233,1.5
-24.37499991618097,-22.574999945238233,1.5
-24.424999916926026,-22.574999945238233,1.5
-24.474999917671084,-22.574999945238233,1.5
-24.524999918416142,-22.574999945238233,1.5
-24.5749999191612,-22.574999945238233,1.5
-24.62499991990626,-22.524999944493175,1.5
-24.674999920651317,-22.474999943748116,1.5
-24.724999921396375,-22.42499994300306,1.5
-24.774999922141433,-22.374999942258,1.5
-24.82499992288649,-22.324999941512942,1.5
-24.87499992363155,-22.274999940767884,1.5
-24.924999924376607,-22.224999940022826,1.5
-24.974999925121665,-22.174999939277768,1.5
-25.024999925866723,-22.12499993853271,1.5
-25.07499992661178,-22.074999937787652,1.5
-25.12499992735684,-22.024999937042594,1.5
-25.174999928101897,-21.974999936297536,1.5
-25.224999928846955,-21.924999935552478,1.5
-25.274999929592013,-21.87499993480742,1.5
-25.32499993033707,-21.82499993406236,1.5
-25.37499993108213,-21.774999933317304,1.5
-25.424999931827188,-21.724999932572246,1.5
-25.45,-21.65,0.0
-25.45,-21.65,0.0
-25.524999933317304,-21.724999932572246,1.5
-25.57499993406236,-21.774999933317304,1.5
-25.62499993480742,-21.82499993406236,1.5
-25.674999935552478,-21.87499993480742,1.5
-25.724999936297536,-21.924999935552478,1.5
-25.774999937042594,-21.974999936297536,1.5
-25.824999937787652,-22.024999937042594,1.5
-25.87499993853271,-22.074999937787652,1.5
-25.924999939277768,-22.12499993853271,1.5
-25.974999940022826,-22.174999939277768,1.5
-26.024999940767884,-22.174999939277768,1.5
-26.074999941512942,-22.174999939277768,1.5
-26.124999942258,-22.174999939277768,1.5
-26.17499994300306,-22.174999939277768,1.5
-26.224999943748116,-22.174999939277768,1.5
-26.274999944493175,-22.174999939277768,1.5
-26.324999945238233,-22.174999939277768,1.5
-26.37499994598329,-22.174999939277768,1.5
-26.42499994672835,-22.174999939277768,1.5
-26.474999947473407,-22.174999939277768,1.5
-26.524999948218465,-22.174999939277768,1.5
-26.574999948963523,-22.174999939277768,1.5
-26.62499994970858,-22.174999939277768,1.5
-26.67499995045364,-22.174999939277768,1.5
-26.724999951198697,-22.174999939277768,1.5
-26.774999951943755,-22.174999939277768,1.5
-26.824999952688813,-22.174999939277768,1.5
-26.87499995343387,-22.174999939277768,1.5
-26.92499995417893,-22.174999939277768,1.5
-26.974999954923987,-22.174999939277768,1.5
-27.024999955669045,-22.174999939277768,1.5
-27.074999956414104,-22.174999939277768,1.5
-27.12499995715916,-22.174999939277768,1.5
-27.17499995790422,-22.174999939277768,1.5
-27.224999958649278,-22.174999939277768,1.5
-27.274999959394336,-22.174999939277768,1.5
-27.324999960139394,-22.174999939277768,1.5
-27.35,-22.15,0.0
-27.35,-22.15,0.0
-27.324999960139394,-22.224999940022826,1.5
-27.274999959394336,-22.274999940767884,1.5
-27.224999958649278,-22.324999941512942,1.5
-27.17499995790422,-22.374999942258,1.5
-27.12499995715916,-22.42499994300306,1.5
-27.074999956414104,-22.474999943748116,1.5
-27.024999955669045,-22.524999944493175,1.5
-26.974999954923987,-22.574999945238233,1.5
-26.92499995417893,-22.62499994598329,1.5
-26.87499995343387,-22.67499994672835,1.5
-26.824999952688813,-22.724999947473407,1.5
-26.774999951943755,-22.774999948218465,1.5
-26.724999951198697,-22.824999948963523,1.5
-26.67499995045364,-22.87499994970858,1.5
-26.62499994970858,-22.92499995045364,1.5
-26.574999948963523,-22.974999951198697,1.5
-26.524999948218465,-23.024999951943755,1.5
-26.474999947473407,-23.074999952688813,1.5
-26.42499994672835,-23.12499995343387,1.5
-26.37499994598329,-23.17499995417893,1.5
-26.324999945238233,-23.224999954923987,1.5
-26.274999944493175,-23.274999955669045,1.5
-26.224999943748116,-23.324999956414104,1.5
-26.17499994300306,-23.37499995715916,1.5
-26.124999942258,-23.42499995790422,1.5
-26.074999941512942,-23.474999958649278,1.5
-26.024999940767884,-23.524999959394336,1.5
-25.974999940022826,-23.574999960139394,1.5
-25.924999939277768,-23.624999960884452,1.5
-25.87499993853271,-23.67499996162951,1.5
-25.824999937787652,-23.724999962374568,1.5
-25.774999937042594,-23.774999963119626,1.5
-25.724999936297536,-23.824999963864684,1.5
-25.674999935552478,-23.874999964609742,1.5
-25.62499993480742,-23.9249999653548,1.5
-25.57499993406236,-23.97499996609986,1.5
-25.524999933317304,-24.024999966844916,1.5
-25.474999932572246,-24.074999967589974,1.5
-25.424999931827188,-24.124999968335032,1.5
-25.37499993108213,-24.17499996908009,1.5
-25.32499993033707,-24.22499996982515,1.5
-25.274999929592013,-24.274999970570207,1.5
-25.224999928846955,-24.324999971315265,1.5
-25.174999928101897,-24.374999972060323,1.5
-25.12499992735684,-24.42499997280538,1.5
-25.07499992661178,-24.47499997355044,1.5
-25.024999925866723,-24.524999974295497,1.5
-24.974999925121665,-24.574999975040555,1.5
-24.924999924376607,-24.624999975785613,1.5
-24.87499992363155,-24.67499997653067,1.5
-24.82499992288649,-24.72499997727573,1.5
-24.774999922141433,-24.774999978020787,1.5
-24.724999921396375,-24.824999978765845,1.5
-24.674999920651317,-24.874999979510903,1.5
-24.62499991990626,-24.92499998025596,1.5
-24.5749999191612,-24.97499998100102,1.5
-24.524999918416142,-25.024999981746078,1.5
-24.474999917671084,-25.074999982491136,1.5
-24.424999916926026,-25.124999983236194,1.5
-24.37499991618097,-25.17499998398125,1.5
-24.32499991543591,-25.22499998472631,1.5
-24.274999914690852,-25.274999985471368,1.5
-24.224999913945794,-25.274999985471368,1.5
-24.174999913200736,-25.274999985471368,1.5
-24.124999912455678,-25.274999985471368,1.5
-24.07499991171062,-25.274999985471368,1.5
-24.024999910965562,-25.274999985471368,1.5
-23.974999910220504,-25.274999985471368,1.5
-23.924999909475446,-25.274999985471368,1.5
-23.874999908730388,-25.274999985471368,1.5
-23.82499990798533,-25.274999985471368,1.5
-23.77499990724027,-25.274999985471368,1.5
-23.724999906495214,-25.274999985471368,1.5
-23.674999905750155,-25.274999985471368,1.5
-23.624999905005097,-25.274999985471368,1.5
-23.57499990426004,-25.274999985471368,1.5
-23.52499990351498,-25.274999985471368,1.5
-23.474999902769923,-25.274999985471368,1.5
-23.424999902024865,-25.274999985471368,1.5
-23.374999901279807,-25.274999985471368,1.5
-23.32499990053475,-25.274999985471368,1.5
-23.27499989978969,-25.274999985471368,1.5
-23.224999899044633,-25.274999985471368,1.5
-23.174999898299575,-25.274999985471368,1.5
-23.124999897554517,-25.274999985471368,1.5
-23.07499989680946,-25.274999985471368,1.5
-23.0249998960644,-25.274999985471368,1.5
-22.974999895319343,-25.274999985471368,1.5
-22.924999894574285,-25.274999985471368,1.5
-22.874999893829226,-25.274999985471368,1.5
-22.82499989308417,-25.274999985471368,1.5
-22.77499989233911,-25.274999985471368,1.5
-22.724999891594052,-25.274999985471368,1.5
-22.674999890848994,-25.274999985471368,1.5
-22.624999890103936,-25.274999985471368,1.5
-22.574999889358878,-25.274999985471368,1.5
-22.52499988861382,-25.274999985471368,1.5
-22.474999887868762,-25.274999985471368,1.5
-22.424999887123704,-25.274999985471368,1.5
-22.374999886378646,-25.274999985471368,1.5
-22.324999885633588,-25.274999985471368,1.5
-22.27499988488853,-25.274999985471368,1.5
-22.22499988414347,-25.274999985471368,1.5
-22.174999883398414,-25.274999985471368,1.5
-22.124999882653356,-25.274999985471368,1.5
-22.074999881908298,-25.274999985471368,1.5
-22.02499988116324,-25.274999985471368,1.5
-21.97499988041818,-25.274999985471368,1.5
-21.924999879673123,-25.274999985471368,1.5
-21.874999878928065,-25.274999985471368,1.5
-21.824999878183007,-25.274999985471368,1.5
-21.77499987743795,-25.274999985471368,1.5
-21.72499987669289,-25.274999985471368,1.5
-21.674999875947833,-25.274999985471368,1.5
-21.624999875202775,-25.274999985471368,1.5
-21.574999874457717,-25.274999985471368,1.5
-21.52499987371266,-25.274999985471368,1.5
-21.4749998729676,-25.274999985471368,1.5
-21.424999872222543,-25.274999985471368,1.5
-21.374999871477485,-25.274999985471368,1.5
-21.324999870732427,-25.274999985471368,1.5
-21.27499986998737,-25.274999985471368,1.5
-21.22499986924231,-25.274999985471368,1.5
-21.174999868497252,-25.274999985471368,1.5
-21.124999867752194,-25.274999985471368,1.5
-21.074999867007136,-25.274999985471368,1.5
-21.02499986626208,-25.274999985471368,1.5
-20.97499986551702,-25.274999985471368,1.5
-20.924999864771962,-25.274999985471368,1.5
-20.874999864026904,-25.274999985471368,1.5
-20.824999863281846,-25.274999985471368,1.5
-20.774999862536788,-25.274999985471368,1.5
-20.72499986179173,-25.274999985471368,1.5
-20.674999861046672,-25.274999985471368,1.5
-20.624999860301614,-25.274999985471368,1.5
-20.574999859556556,-25.274999985471368,1.5
-20.524999858811498,-25.274999985471368,1.5
-20.47499985806644,-25.274999985471368,1.5
-20.42499985732138,-25.274999985471368,1.5
-20.374999856576324,-25.274999985471368,1.5
-20.324999855831265,-25.274999985471368,1.5
-20.274999855086207,-25.274999985471368,1.5
-20.22499985434115,-25.274999985471368,1.5
-20.17499985359609,-25.274999985471368,1.5
-20.124999852851033,-25.274999985471368,1.5
-20.074999852105975,-25.274999985471368,1.5
-20.024999851360917,-25.274999985471368,1.5
-19.97499985061586,-25.274999985471368,1.5
-19.9249998498708,-25.274999985471368,1.5
-19.874999849125743,-25.274999985471368,1.5
-19.824999848380685,-25.274999985471368,1.5
-19.774999847635627,-25.274999985471368,1.5
-19.72499984689057,-25.274999985471368,1.5
-19.67499984614551,-25.274999985471368,1.5
-19.624999845400453,-25.274999985471368,1.5
-19.574999844655395,-25.274999985471368,1.5
-19.524999843910336,-25.274999985471368,1.5
-19.47499984316528,-25.274999985471368,1.5
-19.42499984242022,-25.274999985471368,1.5
-19.374999841675162,-25.274999985471368,1.5
-19.324999840930104,-25.274999985471368,1.5
-19.274999840185046,-25.274999985471368,1.5
-19.224999839439988,-25.274999985471368,1.5
-19.17499983869493,-25.274999985471368,1.5
-19.124999837949872,-25.274999985471368,1.5
-19.074999837204814,-25.274999985471368,1.5
-19.024999836459756,-25.274999985471368,1.5
-18.974999835714698,-25.274999985471368,1.5
-18.92499983496964,-25.274999985471368,1.5
-18.87499983422458,-25.274999985471368,1.5
-18.824999833479524,-25.274999985471368,1.5
-18.774999832734466,-25.274999985471368,1.5
-18.724999831989408,-25.274999985471368,1.5
-18.67499983124435,-25.274999985471368,1.5
-18.62499983049929,-25.274999985471368,1.5
-18.574999829754233,-25.274999985471368,1.5
-18.524999829009175,-25.274999985471368,1.5
-18.474999828264117,-25.274999985471368,1.5
-18.42499982751906,-25.274999985471368,1.5
-18.374999826774,-25.274999985471368,1.5
-18.324999826028943,-25.274999985471368,1.5
-18.274999825283885,-25.274999985471368,1.5
-18.224999824538827,-25.274999985471368,1.5
-18.17499982379377,-25.274999985471368,1.5
-18.12499982304871,-25.274999985471368,1.5
-18.074999822303653,-25.274999985471368,1.5
-18.024999821558595,-25.274999985471368,1.5
-17.974999820813537,-25.274999985471368,1.5
-17.92499982006848,-25.274999985471368,1.5
-17.87499981932342,-25.274999985471368,1.5
-17.824999818578362,-25.274999985471368,1.5
-17.774999817833304,-25.274999985471368,1.5
-17.724999817088246,-25.274999985471368,1.5
-17.67499981634319,-25.274999985471368,1.5
-17.62499981559813,-25.274999985471368,1.5
-17.574999814853072,-25.274999985471368,1.5
-17.524999814108014,-25.274999985471368,1.5
-17.474999813362956,-25.274999985471368,1.5
-17.424999812617898,-25.274999985471368,1.5
-17.37499981187284,-25.274999985471368,1.5
-17.324999811127782,-25.274999985471368,1.5
-17.274999810382724,-25.274999985471368,1.5
-17.224999809637666,-25.274999985471368,1.5
-17.174999808892608,-25.274999985471368,1.5
-17.12499980814755,-25.274999985471368,1.5
-17.07499980740249,-25.274999985471368,1.5
-17.024999806657434,-25.274999985471368,1.5
-16.974999805912375,-25.274999985471368,1.5
-16.924999805167317,-25.274999985471368,1.5
-16.87499980442226,-25.274999985471368,1.5
-16.8249998036772,-25.274999985471368,1.5
-16.774999802932143,-25.274999985471368,1.5
-16.724999802187085,-25.274999985471368,1.5
-16.674999801442027,-25.274999985471368,1.5
-16.62499980069697,-25.274999985471368,1.5
-16.57499979995191,-25.274999985471368,1.5
-16.524999799206853,-25.274999985471368,1.5
-16.474999798461795,-25.274999985471368,1.5
-16.424999797716737,-25.274999985471368,1.5
-16.37499979697168,-25.274999985471368,1.5
-16.32499979622662,-25.274999985471368,1.5
-16.274999795481563,-25.274999985471368,1.5
-16.224999794736505,-25.274999985471368,1.5
-16.174999793991446,-25.274999985471368,1.5
-16.12499979324639,-25.274999985471368,1.5
-16.07499979250133,-25.274999985471368,1.5
-16.024999791756272,-25.274999985471368,1.5
-15.974999791011214,-25.274999985471368,1.5
-15.924999790266156,-25.274999985471368,1.5
-15.874999789521098,-25.274999985471368,1.5
-15.82499978877604,-25.274999985471368,1.5
-15.774999788030982,-25.274999985471368,1.5
-15.724999787285924,-25.274999985471368,1.5
-15.674999786540866,-25.274999985471368,1.5
-15.624999785795808,-25.274999985471368,1.5
-15.57499978505075,-25.274999985471368,1.5
-15.524999784305692,-25.274999985471368,1.5
-15.474999783560634,-25.274999985471368,1.5
-15.424999782815576,-25.274999985471368,1.5
-15.374999782070518,-25.274999985471368,1.5
-15.32499978132546,-25.274999985471368,1.5
-15.274999780580401,-25.274999985471368,1.5
-15.224999779835343,-25.274999985471368,1.5
-15.174999779090285,-25.274999985471368,1.5
-15.124999778345227,-25.274999985471368,1.5
-15.07499977760017,-25.274999985471368,1.5
-15.024999776855111,-25.274999985471368,1.5
-14.974999776110053,-25.274999985471368,1.5
-14.924999775364995,-25.274999985471368,1.5
-14.874999774619937,-25.274999985471368,1.5
-14.824999773874879,-25.274999985471368,1.5
-14.77499977312982,-25.274999985471368,1.5
-14.724999772384763,-25.274999985471368,1.5
-14.674999771639705,-25.274999985471368,1.5
-14.624999770894647,-25.274999985471368,1.5
-14.574999770149589,-25.274999985471368,1.5
-14.52499976940453,-25.274999985471368,1.5
-14.474999768659472,-25.274999985471368,1.5
-14.424999767914414,-25.274999985471368,1.5
-14.374999767169356,-25.274999985471368,1.5
-14.324999766424298,-25.274999985471368,1.5
-14.27499976567924,-25.274999985471368,1.5
-14.224999764934182,-25.274999985471368,1.5
-14.174999764189124,-25.274999985471368,1.5
-14.124999763444066,-25.274999985471368,1.5
-14.074999762699008,-25.274999985471368,1.5
-14.02499976195395,-25.274999985471368,1.5
-13.974999761208892,-25.274999985471368,1.5
-13.924999760463834,-25.274999985471368,1.5
-13.874999759718776,-25.274999985471368,1.5
-13.824999758973718,-25.274999985471368,1.5
-13.77499975822866,-25.274999985471368,1.5
-13.724999757483602,-25.274999985471368,1.5
-13.674999756738544,-25.274999985471368,1.5
-13.624999755993485,-25.274999985471368,1.5
-13.574999755248427,-25.274999985471368,1.5
-13.52499975450337,-25.274999985471368,1.5
-13.474999753758311,-25.274999985471368,1.5
-13.424999753013253,-25.274999985471368,1.5
-13.374999752268195,-25.274999985471368,1.5
-13.324999751523137,-25.274999985471368,1.5
-13.274999750778079,-25.274999985471368,1.5
-13.224999750033021,-25.274999985471368,1.5
-13.174999749287963,-25.274999985471368,1.5
-13.124999748542905,-25.274999985471368,1.5
-13.074999747797847,-25.274999985471368,1.5
-13.024999747052789,-25.274999985471368,1.5
-12.97499974630773,-25.274999985471368,1.5
-12.924999745562673,-25.274999985471368,1.5
-12.874999744817615,-25.274999985471368,1.5
-12.824999744072556,-25.274999985471368,1.5
-12.774999743327498,-25.274999985471368,1.5
-12.72499974258244,-25.274999985471368,1.5
-12.674999741837382,-25.274999985471368,1.5
-12.624999741092324,-25.274999985471368,1.5
-12.574999740347266,-25.274999985471368,1.5
-12.524999739602208,-25.274999985471368,1.5
-12.47499973885715,-25.274999985471368,1.5
-12.424999738112092,-25.274999985471368,1.5
-12.374999737367034,-25.274999985471368,1.5
-12.324999736621976,-25.274999985471368,1.5
-12.274999735876918,-25.274999985471368,1.5
-12.22499973513186,-25.274999985471368,1.5
-12.174999734386802,-25.274999985471368,1.5
-12.124999733641744,-25.274999985471368,1.5
-12.074999732896686,-25.274999985471368,1.5
-12.024999732151628,-25.274999985471368,1.5
-11.97499973140657,-25.274999985471368,1.5
-11.924999730661511,-25.274999985471368,1.5
-11.874999729916453,-25.274999985471368,1.5
-11.824999729171395,-25.274999985471368,1.5
-11.774999728426337,-25.274999985471368,1.5
-11.72499972768128,-25.274999985471368,1.5
-11.674999726936221,-25.274999985471368,1.5
-11.624999726191163,-25.274999985471368,1.5
-11.574999725446105,-25.274999985471368,1.5
-11.524999724701047,-25.274999985471368,1.5
-11.474999723955989,-25.274999985471368,1.5
-11.42499972321093,-25.274999985471368,1.5
-11.374999722465873,-25.274999985471368,1.5
-11.324999721720815,-25.274999985471368,1.5
-11.274999720975757,-25.274999985471368,1.5
-11.224999720230699,-25.274999985471368,1.5
-11.17499971948564,-25.274999985471368,1.5
-11.124999718740582,-25.274999985471368,1.5
-11.074999717995524,-25.274999985471368,1.5
-11.024999717250466,-25.274999985471368,1.5
-10.974999716505408,-25.274999985471368,1.5
-10.92499971576035,-25.274999985471368,1.5
-10.874999715015292,-25.274999985471368,1.5
-10.824999714270234,-25.274999985471368,1.5
-10.774999713525176,-25.274999985471368,1.5
-10.724999712780118,-25.274999985471368,1.5
-10.67499971203506,-25.274999985471368,1.5
-10.624999711290002,-25.274999985471368,1.5
-10.574999710544944,-25.274999985471368,1.5
-10.524999709799886,-25.274999985471368,1.5
-10.474999709054828,-25.274999985471368,1.5
-10.42499970830977,-25.274999985471368,1.5
-10.374999707564712,-25.274999985471368,1.5
-10.324999706819654,-25.274999985471368,1.5
-10.274999706074595,-25.274999985471368,1.5
-10.224999705329537,-25.274999985471368,1.5
-10.17499970458448,-25.274999985471368,1.5
-10.124999703839421,-25.274999985471368,1.5
-10.074999703094363,-25.274999985471368,1.5
-10.024999702349305,-25.274999985471368,1.5
-9.974999701604247,-25.274999985471368,1.5
-9.924999700859189,-25.274999985471368,1.5
-9.874999700114131,-25.274999985471368,1.5
-9.824999699369073,-25.274999985471368,1.5
-9.774999698624015,-25.274999985471368,1.5
-9.724999697878957,-25.274999985471368,1.5
-9.674999697133899,-25.274999985471368,1.5
-9.62499969638884,-25.274999985471368,1.5
-9.574999695643783,-25.274999985471368,1.5
-9.524999694898725,-25.274999985471368,1.5
-9.474999694153666,-25.274999985471368,1.5
-9.424999693408608,-25.274999985471368,1.5
-9.37499969266355,-25.274999985471368,1.5
-9.324999691918492,-25.274999985471368,1.5
-9.274999691173434,-25.274999985471368,1.5
-9.224999690428376,-25.274999985471368,1.5
-9.174999689683318,-25.274999985471368,1.5
-9.12499968893826,-25.274999985471368,1.5
-9.074999688193202,-25.274999985471368,1.5
-9.024999687448144,-25.274999985471368,1.5
-8.974999686703086,-25.274999985471368,1.5
-8.924999685958028,-25.274999985471368,1.5
-8.87499968521297,-25.274999985471368,1.5
-8.824999684467912,-25.274999985471368,1.5
-8.774999683722854,-25.274999985471368,1.5
-8.724999682977796,-25.274999985471368,1.5
-8.674999682232738,-25.274999985471368,1.5
-8.62499968148768,-25.274999985471368,1.5
-8.574999680742621,-25.274999985471368,1.5
-8.524999679997563,-25.274999985471368,1.5
-8.474999679252505,-25.274999985471368,1.5
-8.424999678507447,-25.274999985471368,1.5
-8.37499967776239,-25.274999985471368,1.5
-8.324999677017331,-25.274999985471368,1.5
-8.274999676272273,-25.274999985471368,1.5
-8.224999675527215,-25.274999985471368,1.5
-8.174999674782157,-25.274999985471368,1.5
-8.124999674037099,-25.274999985471368,1.5
-8.07499967329204,-25.274999985471368,1.5
-8.024999672546983,-25.274999985471368,1.5
-7.974999671801925,-25.274999985471368,1.5
-7.924999671056867,-25.274999985471368,1.5
-7.874999670311809,-25.274999985471368,1.5
-7.8249996695667505,-25.274999985471368,1.5
-7.7749996688216925,-25.274999985471368,1.5
-7.724999668076634,-25.274999985471368,1.5
-7.674999667331576,-25.274999985471368,1.5
-7.624999666586518,-25.274999985471368,1.5
-7.57499966584146,-25.274999985471368,1.5
-7.524999665096402,-25.274999985471368,1.5
-7.474999664351344,-25.274999985471368,1.5
-7.424999663606286,-25.274999985471368,1.5
-7.374999662861228,-25.274999985471368,1.5
-7.32499966211617,-25.274999985471368,1.5
-7.274999661371112,-25.274999985471368,1.5
-7.224999660626054,-25.274999985471368,1.5
-7.174999659880996,-25.274999985471368,1.5
-7.124999659135938,-25.274999985471368,1.5
-7.07499965839088,-25.274999985471368,1.5
-7.024999657645822,-25.274999985471368,1.5
-6.9749996569007635,-25.274999985471368,1.5
-6.9249996561557055,-25.274999985471368,1.5
-6.874999655410647,-25.274999985471368,1.5
-6.824999654665589,-25.274999985471368,1.5
-6.774999653920531,-25.274999985471368,1.5
-6.724999653175473,-25.274999985471368,1.5
-6.674999652430415,-25.274999985471368,1.5
-6.624999651685357,-25.274999985471368,1.5
-6.574999650940299,-25.274999985471368,1.5
-6.524999650195241,-25.274999985471368,1.5
-6.474999649450183,-25.274999985471368,1.5
-6.424999648705125,-25.274999985471368,1.5
-6.374999647960067,-25.274999985471368,1.5
-6.324999647215009,-25.274999985471368,1.5
-6.274999646469951,-25.274999985471368,1.5
-6.224999645724893,-25.274999985471368,1.5
-6.174999644979835,-25.274999985471368,1.5
-6.1249996442347765,-25.274999985471368,1.5
-6.074999643489718,-25.274999985471368,1.5
-6.02499964274466,-25.274999985471368,1.5
-5.974999641999602,-25.274999985471368,1.5
-5.924999641254544,-25.274999985471368,1.5
-5.874999640509486,-25.274999985471368,1.5
-5.824999639764428,-25.274999985471368,1.5
-5.77499963901937,-25.274999985471368,1.5
-5.724999638274312,-25.274999985471368,1.5
-5.674999637529254,-25.274999985471368,1.5
-5.624999636784196,-25.274999985471368,1.5
-5.574999636039138,-25.274999985471368,1.5
-5.52499963529408,-25.274999985471368,1.5
-5.474999634549022,-25.274999985471368,1.5
-5.424999633803964,-25.274999985471368,1.5
-5.374999633058906,-25.274999985471368,1.5
-5.3249996323138475,-25.274999985471368,1.5
-5.2749996315687895,-25.274999985471368,1.5
-5.224999630823731,-25.274999985471368,1.5
-5.174999630078673,-25.274999985471368,1.5
-5.124999629333615,-25.274999985471368,1.5
-5.074999628588557,-25.274999985471368,1.5
-5.024999627843499,-25.274999985471368,1.5
-4.974999627098441,-25.274999985471368,1.5
-4.924999626353383,-25.274999985471368,1.5
-4.874999625608325,-25.274999985471368,1.5
-4.824999624863267,-25.274999985471368,1.5
-4.774999624118209,-25.274999985471368,1.5
-4.724999623373151,-25.274999985471368,1.5
-4.674999622628093,-25.274999985471368,1.5
-4.624999621883035,-25.274999985471368,1.5
-4.574999621137977,-25.274999985471368,1.5
-4.524999620392919,-25.274999985471368,1.5
-4.4749996196478605,-25.274999985471368,1.5
-4.4249996189028025,-25.274999985471368,1.5
-4.374999618157744,-25.274999985471368,1.5
-4.324999617412686,-25.274999985471368,1.5
-4.274999616667628,-25.274999985471368,1.5
-4.22499961592257,-25.274999985471368,1.5
-4.174999615177512,-25.274999985471368,1.5
-4.124999614432454,-25.274999985471368,1.5
-4.074999613687396,-25.274999985471368,1.5
-4.024999612942338,-25.274999985471368,1.5
-3.97499961219728,-25.274999985471368,1.5
-3.924999611452222,-25.274999985471368,1.5
-3.874999610707164,-25.274999985471368,1.5
-3.8249996099621058,-25.274999985471368,1.5
-3.7749996092170477,-25.274999985471368,1.5
-3.7249996084719896,-25.274999985471368,1.5
-3.6749996077269316,-25.274999985471368,1.5
-3.6249996069818735,-25.274999985471368,1.5
-3.5749996062368155,-25.274999985471368,1.5
-3.5249996054917574,-25.274999985471368,1.5
-3.4749996047466993,-25.274999985471368,1.5
-3.4249996040016413,-25.274999985471368,1.5
-3.374999603256583,-25.274999985471368,1.5
-3.324999602511525,-25.274999985471368,1.5
-3.274999601766467,-25.274999985471368,1.5
-3.224999601021409,-25.274999985471368,1.5
-3.174999600276351,-25.274999985471368,1.5
-3.124999599531293,-25.274999985471368,1.5
-3.074999598786235,-25.274999985471368,1.5
-3.024999598041177,-25.274999985471368,1.5
-2.9749995972961187,-25.274999985471368,1.5
-2.9249995965510607,-25.274999985471368,1.5
-2.8749995958060026,-25.274999985471368,1.5
-2.8249995950609446,-25.274999985471368,1.5
-2.7749995943158865,-25.274999985471368,1.5
-2.7249995935708284,-25.274999985471368,1.5
-2.6749995928257704,-25.274999985471368,1.5
-2.6249995920807123,-25.274999985471368,1.5
-2.5749995913356543,-25.274999985471368,1.5
-2.524999590590596,-25.274999985471368,1.5
-2.474999589845538,-25.274999985471368,1.5
-2.42499958910048,-25.274999985471368,1.5
-2.374999588355422,-25.274999985471368,1.5
-2.324999587610364,-25.274999985471368,1.5
-2.274999586865306,-25.274999985471368,1.5
-2.224999586120248,-25.274999985471368,1.5
-2.17499958537519,-25.274999985471368,1.5
-2.1249995846301317,-25.274999985471368,1.5
-2.0749995838850737,-25.274999985471368,1.5
-2.0249995831400156,-25.274999985471368,1.5
-1.9749995823949575,-25.274999985471368,1.5
-1.9249995816498995,-25.274999985471368,1.5
-1.8749995809048414,-25.274999985471368,1.5
-1.8249995801597834,-25.274999985471368,1.5
-1.7749995794147253,-25.274999985471368,1.5
-1.7249995786696672,-25.274999985471368,1.5
-1.6749995779246092,-25.274999985471368,1.5
-1.6249995771795511,-25.274999985471368,1.5
-1.574999576434493,-25.274999985471368,1.5
-1.524999575689435,-25.274999985471368,1.5
-1.474999574944377,-25.274999985471368,1.5
-1.4249995741993189,-25.274999985471368,1.5
-1.3749995734542608,-25.274999985471368,1.5
-1.3249995727092028,-25.274999985471368,1.5
-1.2749995719641447,-25.274999985471368,1.5
-1.2249995712190866,-25.274999985471368,1.5
-1.1749995704740286,-25.274999985471368,1.5
-1.1249995697289705,-25.274999985471368,1.5
-1.0749995689839125,-25.274999985471368,1.5
-1.0249995682388544,-25.274999985471368,1.5
-0.9749995674937963,-25.274999985471368,1.5
-0.9249995667487383,-25.274999985471368,1.5
-0.8749995660036802,-25.274999985471368,1.5
-0.8249995652586222,-25.274999985471368,1.5
-0.7749995645135641,-25.274999985471368,1.5
-0.724999563768506,-25.274999985471368,1.5
-0.674999563023448,-25.274999985471368,1.5
-0.6249995622783899,-25.274999985471368,1.5
-0.5749995615333319,-25.274999985471368,1.5
-0.5249995607882738,-25.274999985471368,1.5
-0.47499956004321575,-25.274999985471368,1.5
-0.4249995592981577,-25.274999985471368,1.5
-0.37499955855309963,-25.274999985471368,1.5
-0.3249995578080416,-25.274999985471368,1.5
-0.2749995570629835,-25.274999985471368,1.5
-0.22499955631792545,-25.274999985471368,1.5
-0.1749995555728674,-25.274999985471368,1.5
-0.12499955482780933,-25.274999985471368,1.5
-0.07499955408275127,-25.274999985471368,1.5
-0.024999553337693214,-25.274999985471368,1.5
0.025000447407364845,-25.274999985471368,1.5
0.0750004481524229,-25.274999985471368,1.5
0.12500044889748096,-25.274999985471368,1.5
0.17500044964253902,-25.274999985471368,1.5
0.22500045038759708,-25.274999985471368,1.5
0.27500045113265514,-25.274999985471368,1.5
0.3250004518777132,-25.274999985471368,1.5
0.37500045262277126,-25.274999985471368,1.5
0.4250004533678293,-25.274999985471368,1.5
0.4750004541128874,-25.274999985471368,1.5
0.5250004548579454,-25.274999985471368,1.5
0.5750004556030035,-25.274999985471368,1.5
0.6250004563480616,-25.274999985471368,1.5
0.6750004570931196,-25.274999985471368,1.5
0.7250004578381777,-25.274999985471368,1.5
0.7750004585832357,-25.274999985471368,1.5
0.8250004593282938,-25.274999985471368,1.5
0.8750004600733519,-25.274999985471368,1.5
0.9250004608184099,-25.274999985471368,1.5
0.975000461563468,-25.274999985471368,1.5
1.025000462308526,-25.274999985471368,1.5
1.075000463053584,-25.274999985471368,1.5
1.1250004637986422,-25.274999985471368,1.5
1.1750004645437002,-25.274999985471368,1.5
1.2250004652887583,-25.274999985471368,1.5
1.2750004660338163,-25.274999985471368,1.5
1.3250004667788744,-25.274999985471368,1.5
1.3750004675239325,-25.274999985471368,1.5
1.4250004682689905,-25.274999985471368,1.5
1.4750004690140486,-25.274999985471368,1.5
1.5250004697591066,-25.274999985471368,1.5
1.5750004705041647,-25.274999985471368,1.5
1.6250004712492228,-25.274999985471368,1.5
1.6750004719942808,-25.274999985471368,1.5
1.7250004727393389,-25.274999985471368,1.5
1.775000473484397,-25.274999985471368,1.5
1.825000474229455,-25.274999985471368,1.5
1.875000474974513,-25.274999985471368,1.5
1.9250004757195711,-25.274999985471368,1.5
1.9750004764646292,-25.274999985471368,1.5
2.0250004772096872,-25.274999985471368,1.5
2.0750004779547453,-25.274999985471368,1.5
2.1250004786998034,-25.274999985471368,1.5
2.1750004794448614,-25.274999985471368,1.5
2.2250004801899195,-25.274999985471368,1.5
2.2750004809349775,-25.274999985471368,1.5
2.3250004816800356,-25.274999985471368,1.5
2.3750004824250937,-25.274999985471368,1.5
2.4250004831701517,-25.274999985471368,1.5
2.4750004839152098,-25.274999985471368,1.5
2.525000484660268,-25.274999985471368,1.5
2.575000485405326,-25.274999985471368,1.5
2.625000486150384,-25.274999985471368,1.5
2.675000486895442,-25.274999985471368,1.5
2.7250004876405,-25.274999985471368,1.5
2.775000488385558,-25.274999985471368,1.5
2.825000489130616,-25.274999985471368,1.5
2.8750004898756742,-25.274999985471368,1.5
2.9250004906207323,-25.274999985471368,1.5
2.9750004913657904,-25.274999985471368,1.5
3.0250004921108484,-25.274999985471368,1.5
3.0750004928559065,-25.274999985471368,1.5
3.1250004936009645,-25.274999985471368,1.5
3.1750004943460226,-25.274999985471368,1.5
3.2250004950910807,-25.274999985471368,1.5
3.2750004958361387,-25.274999985471368,1.5
3.325000496581197,-25.274999985471368,1.5
3.375000497326255,-25.274999985471368,1.5
3.425000498071313,-25.274999985471368,1.5
3.475000498816371,-25.274999985471368,1.5
3.525000499561429,-25.274999985471368,1.5
3.575000500306487,-25.274999985471368,1.5
3.625000501051545,-25.274999985471368,1.5
3.675000501796603,-25.274999985471368,1.5
3.7250005025416613,-25.274999985471368,1.5
3.7750005032867193,-25.274999985471368,1.5
3.8250005040317774,-25.274999985471368,1.5
3.8750005047768354,-25.274999985471368,1.5
3.9250005055218935,-25.274999985471368,1.5
3.9750005062669516,-25.274999985471368,1.5
4.02500050701201,-25.274999985471368,1.5
4.075000507757068,-25.274999985471368,1.5
4.125000508502126,-25.274999985471368,1.5
4.175000509247184,-25.274999985471368,1.5
4.225000509992242,-25.274999985471368,1.5
4.2750005107373,-25.274999985471368,1.5
4.325000511482358,-25.274999985471368,1.5
4.375000512227416,-25.274999985471368,1.5
4.425000512972474,-25.274999985471368,1.5
4.475000513717532,-25.274999985471368,1.5
4.52500051446259,-25.274999985471368,1.5
4.575000515207648,-25.274999985471368,1.5
4.625000515952706,-25.274999985471368,1.5
4.675000516697764,-25.274999985471368,1.5
4.7250005174428225,-25.274999985471368,1.5
4.7750005181878805,-25.274999985471368,1.5
4.825000518932939,-25.274999985471368,1.5
4.875000519677997,-25.274999985471368,1.5
4.925000520423055,-25.274999985471368,1.5
4.975000521168113,-25.274999985471368,1.5
5.025000521913171,-25.274999985471368,1.5
5.075000522658229,-25.274999985471368,1.5
5.125000523403287,-25.274999985471368,1.5
5.175000524148345,-25.274999985471368,1.5
5.225000524893403,-25.274999985471368,1.5
5.275000525638461,-25.274999985471368,1.5
5.325000526383519,-25.274999985471368,1.5
5.375000527128577,-25.274999985471368,1.5
5.425000527873635,-25.274999985471368,1.5
5.475000528618693,-25.274999985471368,1.5
5.525000529363751,-25.274999985471368,1.5
5.5750005301088095,-25.274999985471368,1.5
5.6250005308538675,-25.274999985471368,1.5
5.675000531598926,-25.274999985471368,1.5
5.725000532343984,-25.274999985471368,1.5
5.775000533089042,-25.274999985471368,1.5
5.8250005338341,-25.274999985471368,1.5
5.875000534579158,-25.274999985471368,1.5
5.925000535324216,-25.274999985471368,1.5
5.975000536069274,-25.274999985471368,1.5
6.025000536814332,-25.274999985471368,1.5
6.07500053755939,-25.274999985471368,1.5
6.125000538304448,-25.274999985471368,1.5
6.175000539049506,-25.274999985471368,1.5
6.225000539794564,-25.274999985471368,1.5
6.275000540539622,-25.274999985471368,1.5
6.32500054128468,-25.274999985471368,1.5
6.375000542029738,-25.274999985471368,1.5
6.4250005427747965,-25.274999985471368,1.5
6.4750005435198545,-25.274999985471368,1.5
6.525000544264913,-25.274999985471368,1.5
6.575000545009971,-25.274999985471368,1.5
6.625000545755029,-25.274999985471368,1.5
6.675000546500087,-25.274999985471368,1.5
6.725000547245145,-25.274999985471368,1.5
6.775000547990203,-25.274999985471368,1.5
6.825000548735261,-25.274999985471368,1.5
6.875000549480319,-25.274999985471368,1.5
6.925000550225377,-25.274999985471368,1.5
6.975000550970435,-25.274999985471368,1.5
7.025000551715493,-25.274999985471368,1.5
7.075000552460551,-25.274999985471368,1.5
7.125000553205609,-25.274999985471368,1.5
7.175000553950667,-25.274999985471368,1.5
7.225000554695725,-25.274999985471368,1.5
7.2750005554407835,-25.274999985471368,1.5
7.325000556185842,-25.274999985471368,1.5
7.3750005569309,-25.274999985471368,1.5
7.425000557675958,-25.274999985471368,1.5
7.475000558421016,-25.274999985471368,1.5
7.525000559166074,-25.274999985471368,1.5
7.575000559911132,-25.274999985471368,1.5
7.62500056065619,-25.274999985471368,1.5
7.675000561401248,-25.274999985471368,1.5
7.725000562146306,-25.274999985471368,1.5
7.775000562891364,-25.274999985471368,1.5
7.825000563636422,-25.274999985471368,1.5
7.87500056438148,-25.274999985471368,1.5
7.925000565126538,-25.274999985471368,1.5
7.975000565871596,-25.274999985471368,1.5
8.025000566616654,-25.274999985471368,1.5
8.075000567361712,-25.274999985471368,1.5
8.12500056810677,-25.274999985471368,1.5
8.175000568851829,-25.274999985471368,1.5
8.225000569596887,-25.274999985471368,1.5
8.275000570341945,-25.274999985471368,1.5
8.325000571087003,-25.274999985471368,1.5
8.37500057183206,-25.274999985471368,1.5
8.425000572577119,-25.274999985471368,1.5
8.475000573322177,-25.274999985471368,1.5
8.525000574067235,-25.274999985471368,1.5
8.575000574812293,-25.274999985471368,1.5
8.625000575557351,-25.274999985471368,1.5
8.67500057630241,-25.274999985471368,1.5
8.725000577047467,-25.274999985471368,1.5
8.775000577792525,-25.274999985471368,1.5
8.825000578537583,-25.274999985471368,1.5
8.875000579282641,-25.274999985471368,1.5
8.9250005800277,-25.274999985471368,1.5
8.975000580772758,-25.274999985471368,1.5
9.025000581517816,-25.274999985471368,1.5
9.075000582262874,-25.274999985471368,1.5
9.125000583007932,-25.274999985471368,1.5
9.17500058375299,-25.274999985471368,1.5
9.225000584498048,-25.274999985471368,1.5
9.275000585243106,-25.274999985471368,1.5
9.325000585988164,-25.274999985471368,1.5
9.375000586733222,-25.274999985471368,1.5
9.42500058747828,-25.274999985471368,1.5
9.475000588223338,-25.274999985471368,1.5
9.525000588968396,-25.274999985471368,1.5
9.575000589713454,-25.274999985471368,1.5
9.625000590458512,-25.274999985471368,1.5
9.67500059120357,-25.274999985471368,1.5
9.725000591948628,-25.274999985471368,1.5
9.775000592693686,-25.274999985471368,1.5
9.825000593438745,-25.274999985471368,1.5
9.875000594183803,-25.274999985471368,1.5
9.92500059492886,-25.274999985471368,1.5
9.975000595673919,-25.274999985471368,1.5
10.025000596418977,-25.274999985471368,1.5
10.075000597164035,-25.274999985471368,1.5
10.125000597909093,-25.274999985471368,1.5
10.175000598654151,-25.274999985471368,1.5
10.225000599399209,-25.274999985471368,1.5
10.275000600144267,-25.274999985471368,1.5
10.325000600889325,-25.274999985471368,1.5
10.375000601634383,-25.274999985471368,1.5
10.425000602379441,-25.274999985471368,1.5
10.4750006031245,-25.274999985471368,1.5
10.525000603869557,-25.274999985471368,1.5
10.575000604614615,-25.274999985471368,1.5
10.625000605359674,-25.274999985471368,1.5
10.675000606104732,-25.274999985471368,1.5
10.72500060684979,-25.274999985471368,1.5
10.775000607594848,-25.274999985471368,1.5
10.825000608339906,-25.274999985471368,1.5
10.875000609084964,-25.274999985471368,1.5
10.925000609830022,-25.274999985471368,1.5
10.97500061057508,-25.274999985471368,1.5
11.025000611320138,-25.274999985471368,1.5
11.075000612065196,-25.274999985471368,1.5
11.125000612810254,-25.274999985471368,1.5
11.175000613555312,-25.274999985471368,1.5
11.22500061430037,-25.274999985471368,1.5
11.275000615045428,-25.274999985471368,1.5
11.325000615790486,-25.274999985471368,1.5
11.375000616535544,-25.274999985471368,1.5
11.425000617280602,-25.274999985471368,1.5
11.47500061802566,-25.274999985471368,1.5
11.525000618770719,-25.274999985471368,1.5
11.575000619515777,-25.274999985471368,1.5
11.625000620260835,-25.274999985471368,1.5
11.675000621005893,-25.274999985471368,1.5
11.72500062175095,-25.274999985471368,1.5
11.775000622496009,-25.274999985471368,1.5
11.825000623241067,-25.274999985471368,1.5
11.875000623986125,-25.274999985471368,1.5
11.925000624731183,-25.274999985471368,1.5
11.975000625476241,-25.274999985471368,1.5
12.0250006262213,-25.274999985471368,1.5
12.075000626966357,-25.274999985471368,1.5
12.125000627711415,-25.274999985471368,1.5
12.175000628456473,-25.274999985471368,1.5
12.225000629201531,-25.274999985471368,1.5
12.27500062994659,-25.274999985471368,1.5
12.325000630691648,-25.274999985471368,1.5
12.375000631436706,-25.274999985471368,1.5
12.425000632181764,-25.274999985471368,1.5
12.475000632926822,-25.274999985471368,1.5
12.52500063367188,-25.274999985471368,1.5
12.575000634416938,-25.274999985471368,1.5
12.625000635161996,-25.274999985471368,1.5
12.675000635907054,-25.274999985471368,1.5
12.725000636652112,-25.274999985471368,1.5
12.77500063739717,-25.274999985471368,1.5
12.825000638142228,-25.274999985471368,1.5
12.875000638887286,-25.274999985471368,1.5
12.925000639632344,-25.274999985471368,1.5
12.975000640377402,-25.274999985471368,1.5
13.02500064112246,-25.274999985471368,1.5
13.075000641867518,-25.274999985471368,1.5
13.125000642612576,-25.274999985471368,1.5
13.175000643357635,-25.274999985471368,1.5
13.225000644102693,-25.274999985471368,1.5
13.27500064484775,-25.274999985471368,1.5
13.325000645592809,-25.274999985471368,1.5
13.375000646337867,-25.274999985471368,1.5
13.425000647082925,-25.274999985471368,1.5
13.475000647827983,-25.274999985471368,1.5
13.525000648573041,-25.274999985471368,1.5
13.575000649318099,-25.274999985471368,1.5
13.625000650063157,-25.274999985471368,1.5
13.675000650808215,-25.274999985471368,1.5
13.725000651553273,-25.274999985471368,1.5
13.775000652298331,-25.274999985471368,1.5
13.82500065304339,-25.274999985471368,1.5
13.875000653788447,-25.274999985471368,1.5
13.925000654533505,-25.274999985471368,1.5
13.975000655278563,-25.274999985471368,1.5
14.025000656023622,-25.274999985471368,1.5
14.07500065676868,-25.274999985471368,1.5
14.125000657513738,-25.274999985471368,1.5
14.175000658258796,-25.274999985471368,1.5
14.225000659003854,-25.274999985471368,1.5
14.275000659748912,-25.274999985471368,1.5
14.32500066049397,-25.274999985471368,1.5
14.375000661239028,-25.274999985471368,1.5
14.425000661984086,-25.274999985471368,1.5
14.475000662729144,-25.274999985471368,1.5
14.525000663474202,-25.274999985471368,1.5
14.57500066421926,-25.274999985471368,1.5
14.625000664964318,-25.274999985471368,1.5
14.675000665709376,-25.274999985471368,1.5
14.725000666454434,-25.274999985471368,1.5
14.775000667199492,-25.274999985471368,1.5
14.82500066794455,-25.274999985471368,1.5
14.875000668689609,-25.274999985471368,1.5
14.925000669434667,-25.274999985471368,1.5
14.975000670179725,-25.274999985471368,1.5
15.025000670924783,-25.274999985471368,1.5
15.07500067166984,-25.274999985471368,1.5
15.125000672414899,-25.274999985471368,1.5
15.175000673159957,-25.274999985471368,1.5
15.225000673905015,-25.274999985471368,1.5
15.275000674650073,-25.274999985471368,1.5
15.325000675395131,-25.274999985471368,1.5
15.37500067614019,-25.274999985471368,1.5
15.425000676885247,-25.274999985471368,1.5
15.475000677630305,-25.274999985471368,1.5
15.525000678375363,-25.274999985471368,1.5
15.575000679120421,-25.274999985471368,1.5
15.62500067986548,-25.274999985471368,1.5
15.675000680610538,-25.274999985471368,1.5
15.725000681355596,-25.274999985471368,1.5
15.775000682100654,-25.274999985471368,1.5
15.825000682845712,-25.274999985471368,1.5
15.87500068359077,-25.274999985471368,1.5
15.925000684335828,-25.274999985471368,1.5
15.975000685080886,-25.274999985471368,1.5
16.025000685825944,-25.274999985471368,1.5
16.075000686571002,-25.274999985471368,1.5
16.12500068731606,-25.274999985471368,1.5
16.175000688061118,-25.274999985471368,1.5
16.225000688806176,-25.274999985471368,1.5
16.275000689551234,-25.274999985471368,1.5
16.325000690296292,-25.274999985471368,1.5
16.37500069104135,-25.274999985471368,1.5
16.42500069178641,-25.274999985471368,1.5
16.475000692531466,-25.274999985471368,1.5
16.525000693276525,-25.274999985471368,1.5
16.575000694021583,-25.274999985471368,1.5
16.62500069476664,-25.274999985471368,1.5
16.6750006955117,-25.274999985471368,1.5
16.725000696256757,-25.274999985471368,1.5
16.775000697001815,-25.274999985471368,1.5
16.825000697746873,-25.274999985471368,1.5
16.87500069849193,-25.274999985471368,1.5
16.92500069923699,-25.274999985471368,1.5
16.975000699982047,-25.274999985471368,1.5
17.025000700727105,-25.274999985471368,1.5
17.075000701472163,-25.274999985471368,1.5
17.12500070221722,-25.274999985471368,1.5
17.17500070296228,-25.274999985471368,1.5
17.225000703707337,-25.274999985471368,1.5
17.275000704452395,-25.274999985471368,1.5
17.325000705197453,-25.274999985471368,1.5
17.37500070594251,-25.274999985471368,1.5
17.42500070668757,-25.274999985471368,1.5
17.475000707432628,-25.274999985471368,1.5
17.525000708177686,-25.274999985471368,1.5
17.575000708922744,-25.274999985471368,1.5
17.625000709667802,-25.274999985471368,1.5
17.67500071041286,-25.274999985471368,1.5
17.725000711157918,-25.274999985471368,1.5
17.775000711902976,-25.274999985471368,1.5
17.825000712648034,-25.274999985471368,1.5
17.875000713393092,-25.274999985471368,1.5
17.92500071413815,-25.274999985471368,1.5
17.97500071488321,-25.274999985471368,1.5
18.025000715628266,-25.274999985471368,1.5
18.075000716373324,-25.274999985471368,1.5
18.125000717118382,-25.274999985471368,1.5
18.17500071786344,-25.274999985471368,1.5
18.2250007186085,-25.274999985471368,1.5
18.275000719353557,-25.274999985471368,1.5
18.325000720098615,-25.274999985471368,1.5
18.375000720843673,-25.274999985471368,1.5
18.42500072158873,-25.274999985471368,1.5
18.47500072233379,-25.274999985471368,1.5
18.525000723078847,-25.274999985471368,1.5
18.575000723823905,-25.274999985471368,1.5
18.625000724568963,-25.274999985471368,1.5
18.67500072531402,-25.274999985471368,1.5
18.72500072605908,-25.274999985471368,1.5
18.775000726804137,-25.274999985471368,1.5
18.825000727549195,-25.274999985471368,1.5
18.875000728294253,-25.274999985471368,1.5
18.92500072903931,-25.274999985471368,1.5
18.97500072978437,-25.274999985471368,1.5
19.025000730529428,-25.274999985471368,1.5
19.075000731274486,-25.274999985471368,1.5
19.125000732019544,-25.274999985471368,1.5
19.1750007327646,-25.274999985471368,1.5
19.22500073350966,-25.274999985471368,1.5
19.275000734254718,-25.274999985471368,1.5
19.325000734999776,-25.274999985471368,1.5
19.375000735744834,-25.274999985471368,1.5
19.425000736489892,-25.274999985471368,1.5
19.47500073723495,-25.274999985471368,1.5
19.525000737980008,-25.274999985471368,1.5
19.575000738725066,-25.274999985471368,1.5
19.625000739470124,-25.274999985471368,1.5
19.675000740215182,-25.274999985471368,1.5
19.72500074096024,-25.274999985471368,1.5
19.7750007417053,-25.274999985471368,1.5
19.825000742450356,-25.274999985471368,1.5
19.875000743195415,-25.274999985471368,1.5
19.925000743940473,-25.274999985471368,1.5
19.97500074468553,-25.274999985471368,1.5
20.02500074543059,-25.274999985471368,1.5
20.075000746175647,-25.274999985471368,1.5
20.125000746920705,-25.274999985471368,1.5
20.175000747665763,-25.274999985471368,1.5
20.22500074841082,-25.274999985471368,1.5
20.27500074915588,-25.274999985471368,1.5
20.325000749900937,-25.274999985471368,1.5
20.375000750645995,-25.274999985471368,1.5
20.425000751391053,-25.274999985471368,1.5
20.47500075213611,-25.274999985471368,1.5
20.52500075288117,-25.274999985471368,1.5
20.575000753626227,-25.274999985471368,1.5
20.625000754371285,-25.274999985471368,1.5
20.675000755116343,-25.274999985471368,1.5
20.7250007558614,-25.274999985471368,1.5
20.77500075660646,-25.274999985471368,1.5
20.825000757351518,-25.274999985471368,1.5
20.875000758096576,-25.274999985471368,1.5
20.925000758841634,-25.274999985471368,1.5
20.975000759586692,-25.274999985471368,1.5
21.02500076033175,-25.274999985471368,1.5
21.075000761076808,-25.274999985471368,1.5
21.125000761821866,-25.274999985471368,1.5
21.175000762566924,-25.274999985471368,1.5
21.225000763311982,-25.274999985471368,1.5
21.27500076405704,-25.274999985471368,1.5
21.3250007648021,-25.274999985471368,1.5
21.375000765547156,-25.274999985471368,1.5
21.425000766292214,-25.274999985471368,1.5
21.475000767037272,-25.274999985471368,1.5
21.52500076778233,-25.274999985471368,1.5
21.57500076852739,-25.274999985471368,1.5
21.625000769272447,-25.274999985471368,1.5
21.675000770017505,-25.274999985471368,1.5
21.725000770762563,-25.274999985471368,1.5
21.77500077150762,-25.274999985471368,1.5
21.82500077225268,-25.274999985471368,1.5
21.875000772997737,-25.274999985471368,1.5
21.925000773742795,-25.274999985471368,1.5
21.975000774487853,-25.274999985471368,1.5
22.02500077523291,-25.274999985471368,1.5
22.07500077597797,-25.274999985471368,1.5
22.125000776723027,-25.274999985471368,1.5
22.175000777468085,-25.274999985471368,1.5
22.225000778213143,-25.274999985471368,1.5
22.2750007789582,-25.274999985471368,1.5
22.32500077970326,-25.274999985471368,1.5
22.375000780448318,-25.274999985471368,1.5
22.425000781193376,-25.274999985471368,1.5
22.475000781938434,-25.274999985471368,1.5
22.52500078268349,-25.274999985471368,1.5
22.57500078342855,-25.274999985471368,1.5
22.625000784173608,-25.274999985471368,1.5
22.675000784918666,-25.274999985471368,1.5
22.725000785663724,-25.274999985471368,1.5
22.775000786408782,-25.274999985471368,1.5
22.82500078715384,-25.274999985471368,1.5
22.875000787898898,-25.274999985471368,1.5
22.925000788643956,-25.274999985471368,1.5
22.975000789389014,-25.274999985471368,1.5
23.025000790134072,-25.274999985471368,1.5
23.07500079087913,-25.274999985471368,1.5
23.12500079162419,-25.274999985471368,1.5
23.175000792369246,-25.274999985471368,1.5
23.225000793114305,-25.274999985471368,1.5
23.275000793859363,-25.274999985471368,1.5
23.32500079460442,-25.274999985471368,1.5
23.37500079534948,-25.274999985471368,1.5
23.425000796094537,-25.274999985471368,1.5
23.475000796839595,-25.274999985471368,1.5
23.525000797584653,-25.274999985471368,1.5
23.57500079832971,-25.274999985471368,1.5
23.62500079907477,-25.274999985471368,1.5
23.675000799819827,-25.22499998472631,1.5
23.725000800564885,-25.17499998398125,1.5
23.775000801309943,-25.124999983236194,1.5
23.825000802055,-25.074999982491136,1.5
23.87500080280006,-25.024999981746078,1.5
23.925000803545117,-24.97499998100102,1.5
23.975000804290175,-24.92499998025596,1.5
24.025000805035233,-24.874999979510903,1.5
24.07500080578029,-24.824999978765845,1.5
24.12500080652535,-24.774999978020787,1.5
24.175000807270408,-24.72499997727573,1.5
24.225000808015466,-24.67499997653067,1.5
24.275000808760524,-24.624999975785613,1.5
24.325000809505582,-24.574999975040555,1.5
24.37500081025064,-24.524999974295497,1.5
24.425000810995698,-24.524999974295497,1.5
24.475000811740756,-24.524999974295497,1.5
24.525000812485814,-24.47499997355044,1.5
24.575000813230872,-24.42499997280538,1.5
24.62500081397593,-24.374999972060323,1.5
24.67500081472099,-24.324999971315265,1.5
24.725000815466046,-24.274999970570207,1.5
24.775000816211104,-24.22499996982515,1.5
24.825000816956162,-24.17499996908009,1.5
24.87500081770122,-24.124999968335032,1.5
24.92500081844628,-24.074999967589974,1.5
24.975000819191337,-24.024999966844916,1.5
25.025000819936395,-23.97499996609986,1.5
25.075000820681453,-23.9249999653548,1.5
25.12500082142651,-23.874999964609742,1.5
25.17500082217157,-23.824999963864684,1.5
25.225000822916627,-23.774999963119626,1.5
25.275000823661685,-23.724999962374568,1.5
25.325000824406743,-23.67499996162951,1.5
25.3750008251518,-23.624999960884452,1.5
25.42500082589686,-23.574999960139394,1.5
25.475000826641917,-23.524999959394336,1.5
25.525000827386975,-23.474999958649278,1.5
25.575000828132033,-23.42499995790422,1.5
25.62500082887709,-23.42499995790422,1.5
25.67500082962215,-23.42499995790422,1.5
25.725000830367208,-23.42499995790422,1.5
25.775000831112266,-23.42499995790422,1.5
25.825000831857324,-23.42499995790422,1.5
25.87500083260238,-23.42499995790422,1.5
25.92500083334744,-23.42499995790422,1.5
25.975000834092498,-23.42499995790422,1.5
26.025000834837556,-23.42499995790422,1.5
26.075000835582614,-23.42499995790422,1.5
26.125000836327672,-23.42499995790422,1.5
26.17500083707273,-23.42499995790422,1.5
26.225000837817788,-23.42499995790422,1.5
26.275000838562846,-23.42499995790422,1.5
26.325000839307904,-23.42499995790422,1.5
26.375000840052962,-23.42499995790422,1.5
26.42500084079802,-23.42499995790422,1.5
26.47500084154308,-23.42499995790422,1.5
26.525000842288136,-23.42499995790422,1.5
26.575000843033195,-23.42499995790422,1.5
26.625000843778253,-23.42499995790422,1.5
26.67500084452331,-23.37499995715916,1.5
26.72500084526837,-23.324999956414104,1.5
26.775000846013427,-23.274999955669045,1.5
26.825000846758485,-23.224999954923987,1.5
26.875000847503543,-23.17499995417893,1.5
26.9250008482486,-23.12499995343387,1.5
27.0,-23.05,0.0
27.0,-23.05,0.0
26.9250008482486,-23.12499995343387,1.5
26.875000847503543,-23.17499995417893,1.5
26.825000846758485,-23.224999954923987,1.5
26.775000846013427,-23.274999955669045,1.5
26.72500084526837,-23.324999956414104,1.5
26.67500084452331,-23.37499995715916,1.5
26.625000843778253,-23.42499995790422,1.5
26.575000843033195,-23.474999958649278,1.5
26.525000842288136,-23.524999959394336,1.5
26.47500084154308,-23.574999960139394,1.5
26.42500084079802,-23.624999960884452,1.5
26.375000840052962,-23.67499996162951,1.5
26.325000839307904,-23.724999962374568,1.5
26.275000838562846,-23.774999963119626,1.5
26.225000837817788,-23.824999963864684,1.5
26.17500083707273,-23.874999964609742,1.5
26.125000836327672,-23.9249999653548,1.5
26.075000835582614,-23.97499996609986,1.5
26.025000834837556,-24.024999966844916,1.5
25.975000834092498,-24.074999967589974,1.5
25.92500083334744,-24.124999968335032,1.5
25.87500083260238,-24.17499996908009,1.5
25.825000831857324,-24.22499996982515,1.5
25.775000831112266,-24.274999970570207,1.5
25.725000830367208,-24.324999971315265,1.5
25.67500082962215,-24.374999972060323,1.5
25.62500082887709,-24.42499997280538,1.5
25.575000828132033,-24.47499997355044,1.5
25.525000827386975,-24.524999974295497,1.5
25.475000826641917,-24.574999975040555,1.5
25.42500082589686,-24.624999975785613,1.5
25.3750008251518,-24.67499997653067,1.5
25.325000824406743,-24.72499997727573,1.5
25.275000823661685,-24.774999978020787,1.5
25.225000822916627,-24.824999978765845,1.5
25.17500082217157,-24.874999979510903,1.5
25.12500082142651,-24.92499998025596,1.5
25.075000820681453,-24.97499998100102,1.5
25.025000819936395,-25.024999981746078,1.5
24.975000819191337,-25.074999982491136,1.5
24.92500081844628,-25.124999983236194,1.5
24.87500081770122,-25.17499998398125,1.5
24.825000816956162,-25.22499998472631,1.5
24.775000816211104,-25.274999985471368,1.5
24.725000815466046,-25.274999985471368,1.5
24.67500081472099,-25.274999985471368,1.5
24.62500081397593,-25.274999985471368,1.5
24.575000813230872,-25.274999985471368,1.5
24.525000812485814,-25.274999985471368,1.5
24.475000811740756,-25.274999985471368,1.5
24.425000810995698,-25.274999985471368,1.5
24.37500081025064,-25.274999985471368,1.5
24.325000809505582,-25.274999985471368,1.5
24.275000808760524,-25.274999985471368,1.5
24.225000808015466,-25.274999985471368,1.5
24.175000807270408,-25.274999985471368,1.5
24.12500080652535,-25.274999985471368,1.5
24.07500080578029,-25.274999985471368,1.5
24.025000805035233,-25.274999985471368,1.5
23.975000804290175,-25.274999985471368,1.5
23.925000803545117,-25.274999985471368,1.5
23.87500080280006,-25.274999985471368,1.5
23.825000802055,-25.274999985471368,1.5
23.775000801309943,-25.274999985471368,1.5
23.725000800564885,-25.274999985471368,1.5
23.675000799819827,-25.274999985471368,1.5
23.62500079907477,-25.274999985471368,1.5
23.57500079832971,-25.274999985471368,1.5
23.525000797584653,-25.274999985471368,1.5
23.475000796839595,-25.274999985471368,1.5
23.425000796094537,-25.274999985471368,1.5
23.37500079534948,-25.274999985471368,1.5
23.32500079460442,-25.274999985471368,1.5
23.275000793859363,-25.274999985471368,1.5
23.225000793114305,-25.274999985471368,1.5
23.175000792369246,-25.274999985471368,1.5
23.12500079162419,-25.274999985471368,1.5
23.07500079087913,-25.274999985471368,1.5
23.025000790134072,-25.274999985471368,1.5
22.975000789389014,-25.274999985471368,1.5
22.925000788643956,-25.274999985471368,1.5
22.875000787898898,-25.274999985471368,1.5
22.82500078715384,-25.274999985471368,1.5
22.775000786408782,-25.274999985471368,1.5
22.725000785663724,-25.274999985471368,1.5
22.675000784918666,-25.274999985471368,1.5
22.625000784173608,-25.274999985471368,1.5
22.57500078342855,-25.274999985471368,1.5
22.52500078268349,-25.274999985471368,1.5
22.475000781938434,-25.274999985471368,1.5
22.425000781193376,-25.274999985471368,1.5
22.375000780448318,-25.274999985471368,1.5
22.32500077970326,-25.274999985471368,1.5
22.2750007789582,-25.274999985471368,1.5
22.225000778213143,-25.274999985471368,1.5
22.175000777468085,-25.274999985471368,1.5
22.125000776723027,-25.274999985471368,1.5
22.07500077597797,-25.274999985471368,1.5
22.02500077523291,-25.274999985471368,1.5
21.975000774487853,-25.274999985471368,1.5
21.925000773742795,-25.274999985471368,1.5
21.875000772997737,-25.274999985471368,1.5
21.82500077225268,-25.274999985471368,1.5
21.77500077150762,-25.274999985471368,1.5
21.725000770762563,-25.274999985471368,1.5
21.675000770017505,-25.274999985471368,1.5
21.625000769272447,-25.274999985471368,1.5
21.57500076852739,-25.274999985471368,1.5
21.52500076778233,-25.274999985471368,1.5
21.475000767037272,-25.274999985471368,1.5
21.425000766292214,-25.274999985471368,1.5
21.375000765547156,-25.274999985471368,1.5
21.3250007648021,-25.274999985471368,1.5
21.27500076405704,-25.274999985471368,1.5
21.225000763311982,-25.274999985471368,1.5
21.175000762566924,-25.274999985471368,1.5
21.125000761821866,-25.274999985471368,1.5
21.075000761076808,-25.274999985471368,1.5
21.02500076033175,-25.274999985471368,1.5
20.975000759586692,-25.274999985471368,1.5
20.925000758841634,-25.274999985471368,1.5
20.875000758096576,-25.274999985471368,1.5
20.825000757351518,-25.274999985471368,1.5
20.77500075660646,-25.274999985471368,1.5
20.7250007558614,-25.22499998472631,1.5
20.675000755116343,-25.17499998398125,1.5
20.625000754371285,-25.124999983236194,1.5
20.575000753626227,-25.074999982491136,1.5
20.52500075288117,-25.024999981746078,1.5
20.47500075213611,-24.97499998100102,1.5
20.425000751391053,-24.92499998025596,1.5
20.375000750645995,-24.874999979510903,1.5
20.325000749900937,-24.824999978765845,1.5
20.27500074915588,-24.774999978020787,1.5
20.22500074841082,-24.72499997727573,1.5
20.175000747665763,-24.67499997653067,1.5
20.125000746920705,-24.624999975785613,1.5
20.075000746175647,-24.574999975040555,1.5
20.02500074543059,-24.524999974295497,1.5
19.97500074468553,-24.47499997355044,1.5
19.925000743940473,-24.42499997280538,1.5
19.875000743195415,-24.374999972060323,1.5
19.825000742450356,-24.324999971315265,1.5
19.7750007417053,-24.274999970570207,1.5
19.72500074096024,-24.22499996982515,1.5
19.675000740215182,-24.17499996908009,1.5
19.625000739470124,-24.124999968335032,1.5
19.575000738725066,-24.074999967589974,1.5
19.525000737980008,-24.024999966844916,1.5
19.47500073723495,-23.97499996609986,1.5
19.425000736489892,-23.9249999653548,1.5
19.375000735744834,-23.874999964609742,1.5
19.325000734999776,-23.824999963864684,1.5
19.275000734254718,-23.774999963119626,1.5
19.22500073350966,-23.724999962374568,1.5
19.1750007327646,-23.67499996162951,1.5
19.125000732019544,-23.624999960884452,1.5
19.075000731274486,-23.574999960139394,1.5
19.025000730529428,-23.524999959394336,1.5
18.97500072978437,-23.474999958649278,1.5
18.92500072903931,-23.42499995790422,1.5
18.875000728294253,-23.37499995715916,1.5
18.825000727549195,-23.324999956414104,1.5
18.775000726804137,-23.274999955669045,1.5
18.72500072605908,-23.224999954923987,1.5
18.67500072531402,-23.17499995417893,1.5
18.625000724568963,-23.12499995343387,1.5
18.575000723823905,-23.074999952688813,1.5
18.525000723078847,-23.024999951943755,1.5
18.47500072233379,-22.974999951198697,1.5
18.42500072158873,-22.92499995045364,1.5
18.375000720843673,-22.87499994970858,1.5
18.375000720843673,-22.824999948963523,1.5
18.375000720843673,-22.774999948218465,1.5
18.375000720843673,-22.724999947473407,1.5
18.375000720843673,-22.67499994672835,1.5
18.375000720843673,-22.62499994598329,1.5
18.375000720843673,-22.574999945238233,1.5
18.375000720843673,-22.524999944493175,1.5
18.375000720843673,-22.474999943748116,1.5
18.375000720843673,-22.42499994300306,1.5
18.375000720843673,-22.374999942258,1.5
18.375000720843673,-22.324999941512942,1.5
18.375000720843673,-22.274999940767884,1.5
18.375000720843673,-22.224999940022826,1.5
18.375000720843673,-22.174999939277768,1.5
18.375000720843673,-22.12499993853271,1.5
18.375000720843673,-22.074999937787652,1.5
18.375000720843673,-22.024999937042594,1.5
18.375000720843673,-21.974999936297536,1.5
18.375000720843673,-21.924999935552478,1.5
18.375000720843673,-21.87499993480742,1.5
18.375000720843673,-21.82499993406236,1.5
18.375000720843673,-21.774999933317304,1.5
18.375000720843673,-21.724999932572246,1.5
18.375000720843673,-21.674999931827188,1.5
18.375000720843673,-21.62499993108213,1.5
18.375000720843673,-21.57499993033707,1.5
18.375000720843673,-21.524999929592013,1.5
18.375000720843673,-21.474999928846955,1.5
18.375000720843673,-21.424999928101897,1.5
18.375000720843673,-21.37499992735684,1.5
18.375000720843673,-21.32499992661178,1.5
18.375000720843673,-21.274999925866723,1.5
18.375000720843673,-21.224999925121665,1.5
18.375000720843673,-21.174999924376607,1.5
18.375000720843673,-21.12499992363155,1.5
18.375000720843673,-21.07499992288649,1.5
18.375000720843673,-21.024999922141433,1.5
18.375000720843673,-20.974999921396375,1.5
18.375000720843673,-20.924999920651317,1.5
18.375000720843673,-20.87499991990626,1.5
18.375000720843673,-20.8249999191612,1.5
18.375000720843673,-20.774999918416142,1.5
18.375000720843673,-20.724999917671084,1.5
18.375000720843673,-20.674999916926026,1.5
18.375000720843673,-20.62499991618097,1.5
18.375000720843673,-20.57499991543591,1.5
18.375000720843673,-20.524999914690852,1.5
18.375000720843673,-20.474999913945794,1.5
18.375000720843673,-20.424999913200736,1.5
18.375000720843673,-20.374999912455678,1.5
18.375000720843673,-20.32499991171062,1.5
18.375000720843673,-20.274999910965562,1.5
18.375000720843673,-20.224999910220504,1.5
18.375000720843673,-20.174999909475446,1.5
18.375000720843673,-20.124999908730388,1.5
18.375000720843673,-20.07499990798533,1.5
18.375000720843673,-20.02499990724027,1.5
18.375000720843673,-19.974999906495214,1.5
18.375000720843673,-19.924999905750155,1.5
18.375000720843673,-19.874999905005097,1.5
18.375000720843673,-19.82499990426004,1.5
18.375000720843673,-19.77499990351498,1.5
18.375000720843673,-19.724999902769923,1.5
18.375000720843673,-19.674999902024865,1.5
18.375000720843673,-19.624999901279807,1.5
18.375000720843673,-19.57499990053475,1.5
18.375000720843673,-19.52499989978969,1.5
18.375000720843673,-19.474999899044633,1.5
18.375000720843673,-19.424999898299575,1.5
18.375000720843673,-19.374999897554517,1.5
18.375000720843673,-19.32499989680946,1.5
18.375000720843673,-19.2749998960644,1.5
18.375000720843673,-19.224999895319343,1.5
18.375000720843673,-19.174999894574285,1.5
18.375000720843673,-19.124999893829226,1.5
18.375000720843673,-19.07499989308417,1.5
18.375000720843673,-19.02499989233911,1.5
18.375000720843673,-18.974999891594052,1.5
18.375000720843673,-18.924999890848994,1.5
18.375000720843673,-18.874999890103936,1.5
18.375000720843673,-18.824999889358878,1.5
18.375000720843673,-18.77499988861382,1.5
18.375000720843673,-18.724999887868762,1.5
18.375000720843673,-18.674999887123704,1.5
18.375000720843673,-18.624999886378646,1.5
18.375000720843673,-18.574999885633588,1.5
18.375000720843673,-18.52499988488853,1.5
18.375000720843673,-18.47499988414347,1.5
18.375000720843673,-18.424999883398414,1.5
18.375000720843673,-18.374999882653356,1.5
18.375000720843673,-18.324999881908298,1.5
18.375000720843673,-18.27499988116324,1.5
18.375000720843673,-18.22499988041818,1.5
18.375000720843673,-18.174999879673123,1.5
18.375000720843673,-18.124999878928065,1.5
18.375000720843673,-18.074999878183007,1.5
18.375000720843673,-18.02499987743795,1.5
18.375000720843673,-17.97499987669289,1.5
18.375000720843673,-17.924999875947833,1.5
18.375000720843673,-17.874999875202775,1.5
18.375000720843673,-17.824999874457717,1.5
18.375000720843673,-17.77499987371266,1.5
18.375000720843673,-17.7249998729676,1.5
18.375000720843673,-17.674999872222543,1.5
18.375000720843673,-17.624999871477485,1.5
18.375000720843673,-17.574999870732427,1.5
18.375000720843673,-17.52499986998737,1.5
18.375000720843673,-17.47499986924231,1.5
18.375000720843673,-17.424999868497252,1.5
18.375000720843673,-17.374999867752194,1.5
18.375000720843673,-17.324999867007136,1.5
18.375000720843673,-17.27499986626208,1.5
18.375000720843673,-17.22499986551702,1.5
18.375000720843673,-17.174999864771962,1.5
18.375000720843673,-17.124999864026904,1.5
18.375000720843673,-17.074999863281846,1.5
18.375000720843673,-17.024999862536788,1.5
18.375000720843673,-16.97499986179173,1.5
18.375000720843673,-16.924999861046672,1.5
18.375000720843673,-16.874999860301614,1.5
18.375000720843673,-16.824999859556556,1.5
18.375000720843673,-16.774999858811498,1.5
18.375000720843673,-16.72499985806644,1.5
18.375000720843673,-16.67499985732138,1.5
18.375000720843673,-16.624999856576324,1.5
18.375000720843673,-16.574999855831265,1.5
18.375000720843673,-16.524999855086207,1.5
18.375000720843673,-16.47499985434115,1.5
18.375000720843673,-16.42499985359609,1.5
18.375000720843673,-16.374999852851033,1.5
18.375000720843673,-16.324999852105975,1.5
18.375000720843673,-16.274999851360917,1.5
18.375000720843673,-16.22499985061586,1.5
18.375000720843673,-16.1749998498708,1.5
18.375000720843673,-16.124999849125743,1.5
18.375000720843673,-16.074999848380685,1.5
18.375000720843673,-16.024999847635627,1.5
18.375000720843673,-15.974999846890569,1.5
18.375000720843673,-15.92499984614551,1.5
18.375000720843673,-15.874999845400453,1.5
18.375000720843673,-15.824999844655395,1.5
18.375000720843673,-15.774999843910336,1.5
18.375000720843673,-15.724999843165278,1.5
18.375000720843673,-15.67499984242022,1.5
18.375000720843673,-15.624999841675162,1.5
18.375000720843673,-15.574999840930104,1.5
18.375000720843673,-15.524999840185046,1.5
18.375000720843673,-15.474999839439988,1.5
18.375000720843673,-15.42499983869493,1.5
18.375000720843673,-15.374999837949872,1.5
18.375000720843673,-15.324999837204814,1.5
18.375000720843673,-15.274999836459756,1.5
18.375000720843673,-15.224999835714698,1.5
18.375000720843673,-15.17499983496964,1.5
18.375000720843673,-15.124999834224582,1.5
18.375000720843673,-15.074999833479524,1.5
18.375000720843673,-15.024999832734466,1.5
18.375000720843673,-14.974999831989408,1.5
18.375000720843673,-14.92499983124435,1.5
18.375000720843673,-14.874999830499291,1.5
18.375000720843673,-14.824999829754233,1.5
18.375000720843673,-14.774999829009175,1.5
18.375000720843673,-14.724999828264117,1.5
18.375000720843673,-14.67499982751906,1.5
18.375000720843673,-14.624999826774001,1.5
18.375000720843673,-14.574999826028943,1.5
18.375000720843673,-14.524999825283885,1.5
18.375000720843673,-14.474999824538827,1.5
18.375000720843673,-14.424999823793769,1.5
18.375000720843673,-14.37499982304871,1.5
18.375000720843673,-14.324999822303653,1.5
18.375000720843673,-14.274999821558595,1.5
18.375000720843673,-14.224999820813537,1.5
18.375000720843673,-14.174999820068479,1.5
18.375000720843673,-14.12499981932342,1.5
18.375000720843673,-14.074999818578362,1.5
18.375000720843673,-14.024999817833304,1.5
18.375000720843673,-13.974999817088246,1.5
18.375000720843673,-13.924999816343188,1.5
18.375000720843673,-13.87499981559813,1.5
18.375000720843673,-13.824999814853072,1.5
18.375000720843673,-13.774999814108014,1.5
18.375000720843673,-13.724999813362956,1.5
18.375000720843673,-13.674999812617898,1.5
18.375000720843673,-13.62499981187284,1.5
18.375000720843673,-13.574999811127782,1.5
18.375000720843673,-13.524999810382724,1.5
18.375000720843673,-13.474999809637666,1.5
18.375000720843673,-13.424999808892608,1.5
18.375000720843673,-13.37499980814755,1.5
18.375000720843673,-13.324999807402492,1.5
18.375000720843673,-13.274999806657434,1.5
18.375000720843673,-13.224999805912375,1.5
18.375000720843673,-13.174999805167317,1.5
18.375000720843673,-13.12499980442226,1.5
18.375000720843673,-13.074999803677201,1.5
18.375000720843673,-13.024999802932143,1.5
18.375000720843673,-12.974999802187085,1.5
18.375000720843673,-12.924999801442027,1.5
18.375000720843673,-12.874999800696969,1.5
18.375000720843673,-12.824999799951911,1.5
18.375000720843673,-12.774999799206853,1.5
18.375000720843673,-12.724999798461795,1.5
18.375000720843673,-12.674999797716737,1.5
18.375000720843673,-12.624999796971679,1.5
18.375000720843673,-12.57499979622662,1.5
18.375000720843673,-12.524999795481563,1.5
18.375000720843673,-12.474999794736505,1.5
18.375000720843673,-12.424999793991446,1.5
18.375000720843673,-12.374999793246388,1.5
18.375000720843673,-12.32499979250133,1.5
18.375000720843673,-12.274999791756272,1.5
18.375000720843673,-12.224999791011214,1.5
18.375000720843673,-12.174999790266156,1.5
18.375000720843673,-12.124999789521098,1.5
18.375000720843673,-12.07499978877604,1.5
18.375000720843673,-12.024999788030982,1.5
18.375000720843673,-11.974999787285924,1.5
18.375000720843673,-11.924999786540866,1.5
18.375000720843673,-11.874999785795808,1.5
18.375000720843673,-11.82499978505075,1.5
18.375000720843673,-11.774999784305692,1.5
18.375000720843673,-11.724999783560634,1.5
18.375000720843673,-11.674999782815576,1.5
18.375000720843673,-11.624999782070518,1.5
18.375000720843673,-11.57499978132546,1.5
18.375000720843673,-11.524999780580401,1.5
18.375000720843673,-11.474999779835343,1.5
18.375000720843673,-11.424999779090285,1.5
18.375000720843673,-11.374999778345227,1.5
18.375000720843673,-11.32499977760017,1.5
18.375000720843673,-11.274999776855111,1.5
18.375000720843673,-11.224999776110053,1.5
18.375000720843673,-11.174999775364995,1.5
18.375000720843673,-11.124999774619937,1.5
18.375000720843673,-11.074999773874879,1.5
18.375000720843673,-11.02499977312982,1.5
18.375000720843673,-10.974999772384763,1.5
18.375000720843673,-10.924999771639705,1.5
18.375000720843673,-10.874999770894647,1.5
18.375000720843673,-10.824999770149589,1.5
18.375000720843673,-10.77499976940453,1.5
18.375000720843673,-10.724999768659472,1.5
18.375000720843673,-10.674999767914414,1.5
18.375000720843673,-10.624999767169356,1.5
18.375000720843673,-10.574999766424298,1.5
18.375000720843673,-10.52499976567924,1.5
18.375000720843673,-10.474999764934182,1.5
18.375000720843673,-10.424999764189124,1.5
18.375000720843673,-10.374999763444066,1.5
18.375000720843673,-10.324999762699008,1.5
18.375000720843673,-10.27499976195395,1.5
18.375000720843673,-10.224999761208892,1.5
18.375000720843673,-10.174999760463834,1.5
18.375000720843673,-10.124999759718776,1.5
18.375000720843673,-10.074999758973718,1.5
18.375000720843673,-10.02499975822866,1.5
18.375000720843673,-9.974999757483602,1.5
18.375000720843673,-9.924999756738544,1.5
18.375000720843673,-9.874999755993485,1.5
18.375000720843673,-9.824999755248427,1.5
18.375000720843673,-9.77499975450337,1.5
18.375000720843673,-9.724999753758311,1.5
18.375000720843673,-9.674999753013253,1.5
18.375000720843673,-9.624999752268195,1.5
18.375000720843673,-9.574999751523137,1.5
18.375000720843673,-9.524999750778079,1.5
18.375000720843673,-9.474999750033021,1.5
18.375000720843673,-9.424999749287963,1.5
18.375000720843673,-9.374999748542905,1.5
18.375000720843673,-9.324999747797847,1.5
18.375000720843673,-9.274999747052789,1.5
18.375000720843673,-9.22499974630773,1.5
18.375000720843673,-9.174999745562673,1.5
18.375000720843673,-9.124999744817615,1.5
18.375000720843673,-9.074999744072556,1.5
18.375000720843673,-9.024999743327498,1.5
18.375000720843673,-8.97499974258244,1.5
18.375000720843673,-8.924999741837382,1.5
18.375000720843673,-8.874999741092324,1.5
18.375000720843673,-8.824999740347266,1.5
18.375000720843673,-8.774999739602208,1.5
18.375000720843673,-8.72499973885715,1.5
18.375000720843673,-8.674999738112092,1.5
18.375000720843673,-8.624999737367034,1.5
18.375000720843673,-8.574999736621976,1.5
18.375000720843673,-8.524999735876918,1.5
18.375000720843673,-8.47499973513186,1.5
18.375000720843673,-8.424999734386802,1.5
18.375000720843673,-8.374999733641744,1.5
18.375000720843673,-8.324999732896686,1.5
18.375000720843673,-8.274999732151628,1.5
18.375000720843673,-8.22499973140657,1.5
18.375000720843673,-8.174999730661511,1.5
18.375000720843673,-8.124999729916453,1.5
18.375000720843673,-8.074999729171395,1.5
18.375000720843673,-8.024999728426337,1.5
18.375000720843673,-7.974999727681279,1.5
18.375000720843673,-7.924999726936221,1.5
18.375000720843673,-7.874999726191163,1.5
18.375000720843673,-7.824999725446105,1.5
18.375000720843673,-7.774999724701047,1.5
18.375000720843673,-7.724999723955989,1.5
18.375000720843673,-7.674999723210931,1.5
18.375000720843673,-7.624999722465873,1.5
18.375000720843673,-7.574999721720815,1.5
18.375000720843673,-7.524999720975757,1.5
18.375000720843673,-7.474999720230699,1.5
18.375000720843673,-7.4249997194856405,1.5
18.375000720843673,-7.3749997187405825,1.5
18.375000720843673,-7.324999717995524,1.5
18.375000720843673,-7.274999717250466,1.5
18.375000720843673,-7.224999716505408,1.5
18.375000720843673,-7.17499971576035,1.5
18.375000720843673,-7.124999715015292,1.5
18.375000720843673,-7.074999714270234,1.5
18.375000720843673,-7.024999713525176,1.5
18.375000720843673,-6.974999712780118,1.5
18.375000720843673,-6.92499971203506,1.5
18.375000720843673,-6.874999711290002,1.5
18.375000720843673,-6.824999710544944,1.5
18.375000720843673,-6.774999709799886,1.5
18.375000720843673,-6.724999709054828,1.5
18.375000720843673,-6.67499970830977,1.5
18.375000720843673,-6.624999707564712,1.5
18.375000720843673,-6.5749997068196535,1.5
18.375000720843673,-6.5249997060745955,1.5
18.375000720843673,-6.474999705329537,1.5
18.375000720843673,-6.424999704584479,1.5
18.375000720843673,-6.374999703839421,1.5
18.375000720843673,-6.324999703094363,1.5
18.375000720843673,-6.274999702349305,1.5
18.375000720843673,-6.224999701604247,1.5
18.375000720843673,-6.174999700859189,1.5
18.375000720843673,-6.124999700114131,1.5
18.375000720843673,-6.074999699369073,1.5
18.375000720843673,-6.024999698624015,1.5
18.375000720843673,-5.974999697878957,1.5
18.375000720843673,-5.924999697133899,1.5
18.375000720843673,-5.874999696388841,1.5
18.375000720843673,-5.824999695643783,1.5
18.375000720843673,-5.774999694898725,1.5
18.375000720843673,-5.7249996941536665,1.5
18.375000720843673,-5.674999693408608,1.5
18.375000720843673,-5.62499969266355,1.5
18.375000720843673,-5.574999691918492,1.5
18.375000720843673,-5.524999691173434,1.5
18.375000720843673,-5.474999690428376,1.5
18.375000720843673,-5.424999689683318,1.5
18.375000720843673,-5.37499968893826,1.5
18.375000720843673,-5.324999688193202,1.5
18.375000720843673,-5.274999687448144,1.5
18.375000720843673,-5.224999686703086,1.5
18.375000720843673,-5.174999685958028,1.5
18.375000720843673,-5.12499968521297,1.5
18.375000720843673,-5.074999684467912,1.5
18.375000720843673,-5.024999683722854,1.5
18.375000720843673,-4.974999682977796,1.5
18.375000720843673,-4.9249996822327375,1.5
18.375000720843673,-4.8749996814876795,1.5
18.375000720843673,-4.824999680742621,1.5
18.375000720843673,-4.774999679997563,1.5
18.375000720843673,-4.724999679252505,1.5
18.375000720843673,-4.674999678507447,1.5
18.375000720843673,-4.624999677762389,1.5
18.375000720843673,-4.574999677017331,1.5
18.375000720843673,-4.524999676272273,1.5
18.375000720843673,-4.474999675527215,1.5
18.375000720843673,-4.424999674782157,1.5
18.375000720843673,-4.374999674037099,1.5
18.375000720843673,-4.324999673292041,1.5
18.375000720843673,-4.274999672546983,1.5
18.375000720843673,-4.224999671801925,1.5
18.375000720843673,-4.174999671056867,1.5
18.375000720843673,-4.124999670311809,1.5
18.375000720843673,-4.0749996695667505,1.5
18.375000720843673,-4.0249996688216925,1.5
18.375000720843673,-3.9749996680766344,1.5
18.375000720843673,-3.9249996673315763,1.5
18.375000720843673,-3.8749996665865183,1.5
18.375000720843673,-3.8249996658414602,1.5
18.375000720843673,-3.774999665096402,1.5
18.375000720843673,-3.724999664351344,1.5
18.375000720843673,-3.674999663606286,1.5
18.375000720843673,-3.624999662861228,1.5
18.375000720843673,-3.57499966211617,1.5
18.375000720843673,-3.524999661371112,1.5
18.375000720843673,-3.474999660626054,1.5
18.375000720843673,-3.4249996598809958,1.5
18.375000720843673,-3.3749996591359377,1.5
18.375000720843673,-3.3249996583908796,1.5
18.375000720843673,-3.2749996576458216,1.5
18.375000720843673,-3.2249996569007635,1.5
18.375000720843673,-3.1749996561557055,1.5
18.375000720843673,-3.1249996554106474,1.5
18.375000720843673,-3.0749996546655893,1.5
18.375000720843673,-3.0249996539205313,1.5
18.375000720843673,-2.974999653175473,1.5
18.375000720843673,-2.924999652430415,1.5
18.375000720843673,-2.874999651685357,1.5
18.375000720843673,-2.824999650940299,1.5
18.375000720843673,-2.774999650195241,1.5
18.375000720843673,-2.724999649450183,1.5
18.375000720843673,-2.674999648705125,1.5
18.375000720843673,-2.624999647960067,1.5
18.375000720843673,-2.5749996472150087,1.5
18.375000720843673,-2.5249996464699507,1.5
18.375000720843673,-2.4749996457248926,1.5
18.375000720843673,-2.4249996449798346,1.5
18.375000720843673,-2.3749996442347765,1.5
18.375000720843673,-2.3249996434897184,1.5
18.375000720843673,-2.2749996427446604,1.5
18.375000720843673,-2.2249996419996023,1.5
18.375000720843673,-2.1749996412545443,1.5
18.375000720843673,-2.124999640509486,1.5
18.375000720843673,-2.074999639764428,1.5
18.375000720843673,-2.02499963901937,1.5
18.375000720843673,-1.974999638274312,1.5
18.375000720843673,-1.924999637529254,1.5
18.375000720843673,-1.874999636784196,1.5
18.375000720843673,-1.8249996360391378,1.5
18.375000720843673,-1.7749996352940798,1.5
18.375000720843673,-1.7249996345490217,1.5
18.375000720843673,-1.6749996338039637,1.5
18.375000720843673,-1.6249996330589056,1.5
18.375000720843673,-1.5749996323138475,1.5
18.375000720843673,-1.5249996315687895,1.5
18.375000720843673,-1.4749996308237314,1.5
18.375000720843673,-1.4249996300786734,1.5
18.375000720843673,-1.3749996293336153,1.5
18.375000720843673,-1.3249996285885572,1.5
18.375000720843673,-1.2749996278434992,1.5
18.375000720843673,-1.2249996270984411,1.5
18.375000720843673,-1.174999626353383,1.5
18.375000720843673,-1.124999625608325,1.5
18.375000720843673,-1.074999624863267,1.5
18.375000720843673,-1.0249996241182089,1.5
18.375000720843673,-0.9749996233731508,1.5
18.375000720843673,-0.9249996226280928,1.5
18.375000720843673,-0.8749996218830347,1.5
18.375000720843673,-0.8249996211379766,1.5
18.375000720843673,-0.7749996203929186,1.5
18.375000720843673,-0.7249996196478605,1.5
18.375000720843673,-0.6749996189028025,1.5
18.375000720843673,-0.6249996181577444,1.5
18.375000720843673,-0.5749996174126863,1.5
18.375000720843673,-0.5249996166676283,1.5
18.375000720843673,-0.47499961592257023,1.5
18.375000720843673,-0.42499961517751217,1.5
18.375000720843673,-0.3749996144324541,1.5
18.375000720843673,-0.32499961368739605,1.5
18.375000720843673,-0.274999612942338,1.5
18.375000720843673,-0.22499961219727993,1.5
18.375000720843673,-0.17499961145222187,1.5
18.375000720843673,-0.12499961070716381,1.5
18.375000720843673,-0.07499960996210575,1.5
18.375000720843673,-0.02499960921704769,1.5
18.375000720843673,0.02500039152801037,1.5
18.375000720843673,0.07500039227306843,1.5
18.375000720843673,0.1250003930181265,1.5
18.375000720843673,0.17500039376318455,1.5
18.375000720843673,0.2250003945082426,1.5
18.375000720843673,0.27500039525330067,1.5
18.375000720843673,0.3250003959983587,1.5
18.375000720843673,0.3750003967434168,1.5
18.375000720843673,0.42500039748847485,1.5
18.375000720843673,0.4750003982335329,1.5
18.375000720843673,0.525000398978591,1.5
18.375000720843673,0.575000399723649,1.5
18.375000720843673,0.6250004004687071,1.5
18.375000720843673,0.6750004012137651,1.5
18.375000720843673,0.7250004019588232,1.5
18.375000720843673,0.7750004027038813,1.5
18.375000720843673,0.8250004034489393,1.5
18.375000720843673,0.8750004041939974,1.5
18.375000720843673,0.9250004049390554,1.5
18.375000720843673,0.9750004056841135,1.5
18.375000720843673,1.0250004064291716,1.5
18.375000720843673,1.0750004071742296,1.5
18.375000720843673,1.1250004079192877,1.5
18.375000720843673,1.1750004086643457,1.5
18.375000720843673,1.2250004094094038,1.5
18.375000720843673,1.2750004101544619,1.5
18.375000720843673,1.32500041089952,1.5
18.375000720843673,1.375000411644578,1.5
18.375000720843673,1.425000412389636,1.5
18.375000720843673,1.475000413134694,1.5
18.375000720843673,1.5250004138797522,1.5
18.375000720843673,1.5750004146248102,1.5
18.375000720843673,1.6250004153698683,1.5
18.375000720843673,1.6750004161149263,1.5
18.375000720843673,1.7250004168599844,1.5
18.375000720843673,1.7750004176050425,1.5
18.375000720843673,1.8250004183501005,1.5
18.375000720843673,1.8750004190951586,1.5
18.375000720843673,1.9250004198402166,1.5
18.375000720843673,1.9750004205852747,1.5
18.375000720843673,2.0250004213303328,1.5
18.375000720843673,2.075000422075391,1.5
18.375000720843673,2.125000422820449,1.5
18.375000720843673,2.175000423565507,1.5
18.375000720843673,2.225000424310565,1.5
18.375000720843673,2.275000425055623,1.5
18.375000720843673,2.325000425800681,1.5
18.375000720843673,2.375000426545739,1.5
18.375000720843673,2.4250004272907972,1.5
18.375000720843673,2.4750004280358553,1.5
18.375000720843673,2.5250004287809134,1.5
18.375000720843673,2.5750004295259714,1.5
18.375000720843673,2.6250004302710295,1.5
18.375000720843673,2.6750004310160875,1.5
18.375000720843673,2.7250004317611456,1.5
18.375000720843673,2.7750004325062037,1.5
18.375000720843673,2.8250004332512617,1.5
18.375000720843673,2.8750004339963198,1.5
18.375000720843673,2.925000434741378,1.5
18.375000720843673,2.975000435486436,1.5
18.375000720843673,3.025000436231494,1.5
18.375000720843673,3.075000436976552,1.5
18.375000720843673,3.12500043772161,1.5
18.375000720843673,3.175000438466668,1.5
18.375000720843673,3.225000439211726,1.5
18.375000720843673,3.2750004399567842,1.5
18.375000720843673,3.3250004407018423,1.5
18.375000720843673,3.3750004414469004,1.5
18.375000720843673,3.4250004421919584,1.5
18.375000720843673,3.4750004429370165,1.5
18.375000720843673,3.5250004436820745,1.5
18.375000720843673,3.5750004444271326,1.5
18.375000720843673,3.6250004451721907,1.5
18.375000720843673,3.6750004459172487,1.5
18.375000720843673,3.725000446662307,1.5
18.375000720843673,3.775000447407365,1.5
18.375000720843673,3.825000448152423,1.5
18.375000720843673,3.875000448897481,1.5
18.375000720843673,3.925000449642539,1.5
18.375000720843673,3.975000450387597,1.5
18.375000720843673,4.025000451132655,1.5
18.375000720843673,4.075000451877713,1.5
18.375000720843673,4.125000452622771,1.5
18.375000720843673,4.175000453367829,1.5
18.375000720843673,4.225000454112887,1.5
18.375000720843673,4.275000454857945,1.5
18.375000720843673,4.3250004556030035,1.5
18.375000720843673,4.375000456348062,1.5
18.375000720843673,4.42500045709312,1.5
18.375000720843673,4.475000457838178,1.5
18.375000720843673,4.525000458583236,1.5
18.375000720843673,4.575000459328294,1.5
18.375000720843673,4.625000460073352,1.5
18.375000720843673,4.67500046081841,1.5
18.375000720843673,4.725000461563468,1.5
18.375000720843673,4.775000462308526,1.5
18.375000720843673,4.825000463053584,1.5
18.375000720843673,4.875000463798642,1.5
18.375000720843673,4.9250004645437,1.5
18.375000720843673,4.975000465288758,1.5
18.375000720843673,5.025000466033816,1.5
18.375000720843673,5.075000466778874,1.5
18.375000720843673,5.1250004675239325,1.5
18.375000720843673,5.1750004682689905,1.5
18.375000720843673,5.225000469014049,1.5
18.375000720843673,5.275000469759107,1.5
18.375000720843673,5.325000470504165,1.5
18.375000720843673,5.375000471249223,1.5
18.375000720843673,5.425000471994281,1.5
18.375000720843673,5.475000472739339,1.5
18.375000720843673,5.525000473484397,1.5
18.375000720843673,5.575000474229455,1.5
18.375000720843673,5.625000474974513,1.5
18.375000720843673,5.675000475719571,1.5
18.375000720843673,5.725000476464629,1.5
18.375000720843673,5.775000477209687,1.5
18.375000720843673,5.825000477954745,1.5
18.375000720843673,5.875000478699803,1.5
18.375000720843673,5.925000479444861,1.5
18.375000720843673,5.9750004801899195,1.5
18.375000720843673,6.0250004809349775,1.5
18.375000720843673,6.075000481680036,1.5
18.375000720843673,6.125000482425094,1.5
18.375000720843673,6.175000483170152,1.5
18.375000720843673,6.22500048391521,1.5
18.375000720843673,6.275000484660268,1.5
18.375000720843673,6.325000485405326,1.5
18.375000720843673,6.375000486150384,1.5
18.375000720843673,6.425000486895442,1.5
18.375000720843673,6.4750004876405,1.5
18.375000720843673,6.525000488385558,1.5
18.375000720843673,6.575000489130616,1.5
18.375000720843673,6.625000489875674,1.5
18.375000720843673,6.675000490620732,1.5
18.375000720843673,6.72500049136579,1.5
18.375000720843673,6.775000492110848,1.5
18.375000720843673,6.8250004928559065,1.5
18.375000720843673,6.8750004936009645,1.5
18.375000720843673,6.925000494346023,1.5
18.375000720843673,6.975000495091081,1.5
18.375000720843673,7.025000495836139,1.5
18.375000720843673,7.075000496581197,1.5
18.375000720843673,7.125000497326255,1.5
18.375000720843673,7.175000498071313,1.5
18.375000720843673,7.225000498816371,1.5
18.375000720843673,7.275000499561429,1.5
18.375000720843673,7.325000500306487,1.5
18.375000720843673,7.375000501051545,1.5
18.375000720843673,7.425000501796603,1.5
18.375000720843673,7.475000502541661,1.5
18.375000720843673,7.525000503286719,1.5
18.375000720843673,7.575000504031777,1.5
18.375000720843673,7.625000504776835,1.5
18.375000720843673,7.6750005055218935,1.5
18.375000720843673,7.725000506266952,1.5
18.375000720843673,7.77500050701201,1.5
18.375000720843673,7.825000507757068,1.5
18.375000720843673,7.875000508502126,1.5
18.375000720843673,7.925000509247184,1.5
18.375000720843673,7.975000509992242,1.5
18.375000720843673,8.0250005107373,1.5
18.375000720843673,8.075000511482358,1.5
18.375000720843673,8.125000512227416,1.5
18.375000720843673,8.175000512972474,1.5
18.375000720843673,8.225000513717532,1.5
18.375000720843673,8.27500051446259,1.5
18.375000720843673,8.325000515207648,1.5
18.375000720843673,8.375000515952706,1.5
18.375000720843673,8.425000516697764,1.5
18.375000720843673,8.475000517442822,1.5
18.375000720843673,8.52500051818788,1.5
18.375000720843673,8.575000518932939,1.5
18.375000720843673,8.625000519677997,1.5
18.375000720843673,8.675000520423055,1.5
18.375000720843673,8.725000521168113,1.5
18.375000720843673,8.77500052191317,1.5
18.375000720843673,8.825000522658229,1.5
18.375000720843673,8.875000523403287,1.5
18.375000720843673,8.925000524148345,1.5
18.375000720843673,8.975000524893403,1.5
18.375000720843673,9.025000525638461,1.5
18.375000720843673,9.07500052638352,1.5
18.375000720843673,9.125000527128577,1.5
18.375000720843673,9.175000527873635,1.5
18.375000720843673,9.225000528618693,1.5
18.375000720843673,9.275000529363751,1.5
18.375000720843673,9.32500053010881,1.5
18.375000720843673,9.375000530853868,1.5
18.375000720843673,9.425000531598926,1.5
18.375000720843673,9.475000532343984,1.5
18.325000720098615,9.525000533089042,1.5
18.325000720098615,9.5750005338341,1.5
18.325000720098615,9.625000534579158,1.5
18.325000720098615,9.675000535324216,1.5
18.325000720098615,9.725000536069274,1.5
18.325000720098615,9.775000536814332,1.5
18.325000720098615,9.82500053755939,1.5
18.325000720098615,9.875000538304448,1.5
18.325000720098615,9.925000539049506,1.5
18.325000720098615,9.975000539794564,1.5
18.325000720098615,10.025000540539622,1.5
18.325000720098615,10.07500054128468,1.5
18.325000720098615,10.125000542029738,1.5
18.325000720098615,10.175000542774796,1.5
18.325000720098615,10.225000543519855,1.5
18.325000720098615,10.275000544264913,1.5
18.325000720098615,10.32500054500997,1.5
18.325000720098615,10.375000545755029,1.5
18.325000720098615,10.425000546500087,1.5
18.325000720098615,10.475000547245145,1.5
18.325000720098615,10.525000547990203,1.5
18.325000720098615,10.575000548735261,1.5
18.325000720098615,10.625000549480319,1.5
18.325000720098615,10.675000550225377,1.5
18.325000720098615,10.725000550970435,1.5
18.325000720098615,10.775000551715493,1.5
18.325000720098615,10.825000552460551,1.5
18.325000720098615,10.87500055320561,1.5
18.325000720098615,10.925000553950667,1.5
18.325000720098615,10.975000554695725,1.5
18.325000720098615,11.025000555440784,1.5
18.325000720098615,11.075000556185842,1.5
18.325000720098615,11.1250005569309,1.5
18.325000720098615,11.175000557675958,1.5
18.325000720098615,11.225000558421016,1.5
18.325000720098615,11.275000559166074,1.5
18.325000720098615,11.325000559911132,1.5
18.325000720098615,11.37500056065619,1.5
18.325000720098615,11.425000561401248,1.5
18.325000720098615,11.475000562146306,1.5
18.325000720098615,11.525000562891364,1.5
18.325000720098615,11.575000563636422,1.5
18.325000720098615,11.62500056438148,1.5
18.325000720098615,11.675000565126538,1.5
18.325000720098615,11.725000565871596,1.5
18.325000720098615,11.775000566616654,1.5
18.325000720098615,11.825000567361712,1.5
18.325000720098615,11.87500056810677,1.5
18.325000720098615,11.925000568851829,1.5
18.325000720098615,11.975000569596887,1.5
18.325000720098615,12.025000570341945,1.5
18.325000720098615,12.075000571087003,1.5
18.325000720098615,12.12500057183206,1.5
18.325000720098615,12.175000572577119,1.5
18.325000720098615,12.225000573322177,1.5
18.325000720098615,12.275000574067235,1.5
18.325000720098615,12.325000574812293,1.5
18.325000720098615,12.375000575557351,1.5
18.325000720098615,12.42500057630241,1.5
18.325000720098615,12.475000577047467,1.5
18.325000720098615,12.525000577792525,1.5
18.325000720098615,12.575000578537583,1.5
18.325000720098615,12.625000579282641,1.5
18.325000720098615,12.6750005800277,1.5
18.325000720098615,12.725000580772758,1.5
18.325000720098615,12.775000581517816,1.5
18.325000720098615,12.825000582262874,1.5
18.325000720098615,12.875000583007932,1.5
18.325000720098615,12.92500058375299,1.5
18.325000720098615,12.975000584498048,1.5
18.325000720098615,13.025000585243106,1.5
18.325000720098615,13.075000585988164,1.5
18.325000720098615,13.125000586733222,1.5
18.325000720098615,13.17500058747828,1.5
18.325000720098615,13.225000588223338,1.5
18.325000720098615,13.275000588968396,1.5
18.325000720098615,13.325000589713454,1.5
18.325000720098615,13.375000590458512,1.5
18.325000720098615,13.42500059120357,1.5
18.325000720098615,13.475000591948628,1.5
18.325000720098615,13.525000592693686,1.5
18.325000720098615,13.575000593438745,1.5
18.325000720098615,13.625000594183803,1.5
18.325000720098615,13.67500059492886,1.5
18.325000720098615,13.725000595673919,1.5
18.325000720098615,13.775000596418977,1.5
18.325000720098615,13.825000597164035,1.5
18.325000720098615,13.875000597909093,1.5
18.325000720098615,13.925000598654151,1.5
18.325000720098615,13.975000599399209,1.5
18.325000720098615,14.025000600144267,1.5
18.325000720098615,14.075000600889325,1.5
18.325000720098615,14.125000601634383,1.5
18.325000720098615,14.175000602379441,1.5
18.325000720098615,14.2250006031245,1.5
18.325000720098615,14.275000603869557,1.5
18.325000720098615,14.325000604614615,1.5
18.325000720098615,14.375000605359674,1.5
18.325000720098615,14.425000606104732,1.5
18.275000719353557,14.47500060684979,1.5
18.2250007186085,14.47500060684979,1.5
18.17500071786344,14.47500060684979,1.5
18.125000717118382,14.47500060684979,1.5
18.075000716373324,14.47500060684979,1.5
18.025000715628266,14.47500060684979,1.5
17.97500071488321,14.47500060684979,1.5
17.92500071413815,14.47500060684979,1.5
17.875000713393092,14.47500060684979,1.5
17.825000712648034,14.47500060684979,1.5
17.775000711902976,14.47500060684979,1.5
17.725000711157918,14.47500060684979,1.5
17.67500071041286,14.47500060684979,1.5
17.625000709667802,14.47500060684979,1.5
17.575000708922744,14.47500060684979,1.5
17.525000708177686,14.47500060684979,1.5
17.475000707432628,14.47500060684979,1.5
17.42500070668757,14.47500060684979,1.5
17.37500070594251,14.47500060684979,1.5
17.325000705197453,14.47500060684979,1.5
17.275000704452395,14.47500060684979,1.5
17.225000703707337,14.47500060684979,1.5
17.17500070296228,14.47500060684979,1.5
17.12500070221722,14.47500060684979,1.5
17.075000701472163,14.47500060684979,1.5
17.025000700727105,14.47500060684979,1.5
16.975000699982047,14.47500060684979,1.5
16.92500069923699,14.47500060684979,1.5
16.87500069849193,14.47500060684979,1.5
16.825000697746873,14.47500060684979,1.5
16.775000697001815,14.47500060684979,1.5
16.725000696256757,14.47500060684979,1.5
16.6750006955117,14.47500060684979,1.5
16.62500069476664,14.47500060684979,1.5
16.575000694021583,14.47500060684979,1.5
16.525000693276525,14.47500060684979,1.5
16.475000692531466,14.47500060684979,1.5
16.42500069178641,14.47500060684979,1.5
16.37500069104135,14.47500060684979,1.5
16.325000690296292,14.47500060684979,1.5
16.275000689551234,14.47500060684979,1.5
16.225000688806176,14.47500060684979,1.5
16.175000688061118,14.47500060684979,1.5
16.12500068731606,14.47500060684979,1.5
16.075000686571002,14.47500060684979,1.5
16.025000685825944,14.47500060684979,1.5
15.975000685080886,14.47500060684979,1.5
15.925000684335828,14.47500060684979,1.5
15.87500068359077,14.47500060684979,1.5
15.825000682845712,14.47500060684979,1.5
15.775000682100654,14.47500060684979,1.5
15.725000681355596,14.47500060684979,1.5
15.675000680610538,14.47500060684979,1.5
15.62500067986548,14.47500060684979,1.5
15.575000679120421,14.47500060684979,1.5
15.525000678375363,14.47500060684979,1.5
15.475000677630305,14.47500060684979,1.5
15.425000676885247,14.47500060684979,1.5
15.37500067614019,14.47500060684979,1.5
15.325000675395131,14.47500060684979,1.5
15.275000674650073,14.47500060684979,1.5
15.225000673905015,14.47500060684979,1.5
15.175000673159957,14.47500060684979,1.5
15.125000672414899,14.47500060684979,1.5
15.07500067166984,14.47500060684979,1.5
15.025000670924783,14.47500060684979,1.5
14.975000670179725,14.47500060684979,1.5
14.925000669434667,14.47500060684979,1.5
14.875000668689609,14.47500060684979,1.5
14.82500066794455,14.47500060684979,1.5
14.775000667199492,14.47500060684979,1.5
14.725000666454434,14.47500060684979,1.5
14.675000665709376,14.47500060684979,1.5
14.625000664964318,14.47500060684979,1.5
14.57500066421926,14.47500060684979,1.5
14.525000663474202,14.47500060684979,1.5
14.475000662729144,14.47500060684979,1.5
14.425000661984086,14.47500060684979,1.5
14.375000661239028,14.47500060684979,1.5
14.32500066049397,14.47500060684979,1.5
14.275000659748912,14.47500060684979,1.5
14.225000659003854,14.47500060684979,1.5
14.175000658258796,14.47500060684979,1.5
14.125000657513738,14.47500060684979,1.5
14.07500065676868,14.47500060684979,1.5
14.025000656023622,14.47500060684979,1.5
13.975000655278563,14.47500060684979,1.5
13.925000654533505,14.47500060684979,1.5
13.875000653788447,14.47500060684979,1.5
13.82500065304339,14.47500060684979,1.5
13.775000652298331,14.47500060684979,1.5
13.725000651553273,14.47500060684979,1.5
13.675000650808215,14.47500060684979,1.5
13.625000650063157,14.47500060684979,1.5
13.575000649318099,14.47500060684979,1.5
13.525000648573041,14.47500060684979,1.5
13.475000647827983,14.47500060684979,1.5
13.425000647082925,14.47500060684979,1.5
13.375000646337867,14.47500060684979,1.5
13.325000645592809,14.47500060684979,1.5
13.27500064484775,14.47500060684979,1.5
13.225000644102693,14.47500060684979,1.5
13.175000643357635,14.47500060684979,1.5
13.125000642612576,14.47500060684979,1.5
13.075000641867518,14.47500060684979,1.5
13.02500064112246,14.47500060684979,1.5
12.975000640377402,14.47500060684979,1.5
12.925000639632344,14.47500060684979,1.5
12.875000638887286,14.47500060684979,1.5
12.825000638142228,14.47500060684979,1.5
12.77500063739717,14.47500060684979,1.5
12.725000636652112,14.47500060684979,1.5
12.675000635907054,14.47500060684979,1.5
12.625000635161996,14.47500060684979,1.5
12.575000634416938,14.47500060684979,1.5
12.52500063367188,14.47500060684979,1.5
12.475000632926822,14.47500060684979,1.5
12.425000632181764,14.47500060684979,1.5
12.375000631436706,14.47500060684979,1.5
12.325000630691648,14.47500060684979,1.5
12.27500062994659,14.47500060684979,1.5
12.225000629201531,14.47500060684979,1.5
12.175000628456473,14.47500060684979,1.5
12.125000627711415,14.47500060684979,1.5
12.075000626966357,14.47500060684979,1.5
12.0250006262213,14.47500060684979,1.5
11.975000625476241,14.47500060684979,1.5
11.925000624731183,14.47500060684979,1.5
11.875000623986125,14.47500060684979,1.5
11.825000623241067,14.47500060684979,1.5
11.775000622496009,14.47500060684979,1.5
11.72500062175095,14.47500060684979,1.5
11.675000621005893,14.47500060684979,1.5
11.625000620260835,14.47500060684979,1.5
11.575000619515777,14.47500060684979,1.5
11.525000618770719,14.47500060684979,1.5
11.47500061802566,14.47500060684979,1.5
11.425000617280602,14.47500060684979,1.5
11.375000616535544,14.47500060684979,1.5
11.325000615790486,14.47500060684979,1.5
11.275000615045428,14.47500060684979,1.5
11.22500061430037,14.47500060684979,1.5
11.175000613555312,14.47500060684979,1.5
11.125000612810254,14.47500060684979,1.5
11.075000612065196,14.47500060684979,1.5
11.025000611320138,14.47500060684979,1.5
10.97500061057508,14.47500060684979,1.5
10.925000609830022,14.47500060684979,1.5
10.875000609084964,14.47500060684979,1.5
10.825000608339906,14.47500060684979,1.5
10.775000607594848,14.47500060684979,1.5
10.72500060684979,14.47500060684979,1.5
10.675000606104732,14.47500060684979,1.5
10.625000605359674,14.47500060684979,1.5
10.575000604614615,14.47500060684979,1.5
10.525000603869557,14.47500060684979,1.5
10.4750006031245,14.47500060684979,1.5
10.425000602379441,14.47500060684979,1.5
10.375000601634383,14.47500060684979,1.5
10.325000600889325,14.47500060684979,1.5
10.275000600144267,14.47500060684979,1.5
10.225000599399209,14.47500060684979,1.5
10.175000598654151,14.47500060684979,1.5
10.125000597909093,14.47500060684979,1.5
10.075000597164035,14.47500060684979,1.5
10.025000596418977,14.47500060684979,1.5
9.975000595673919,14.47500060684979,1.5
9.92500059492886,14.47500060684979,1.5
9.875000594183803,14.47500060684979,1.5
9.825000593438745,14.47500060684979,1.5
9.775000592693686,14.47500060684979,1.5
9.725000591948628,14.47500060684979,1.5
9.67500059120357,14.47500060684979,1.5
9.625000590458512,14.47500060684979,1.5
9.575000589713454,14.47500060684979,1.5
9.525000588968396,14.47500060684979,1.5
9.475000588223338,14.47500060684979,1.5
9.42500058747828,14.47500060684979,1.5
9.375000586733222,14.47500060684979,1.5
9.325000585988164,14.47500060684979,1.5
9.275000585243106,14.47500060684979,1.5
9.225000584498048,14.47500060684979,1.5
9.17500058375299,14.47500060684979,1.5
9.125000583007932,14.47500060684979,1.5
9.075000582262874,14.47500060684979,1.5
9.025000581517816,14.47500060684979,1.5
8.975000580772758,14.47500060684979,1.5
8.9250005800277,14.47500060684979,1.5
8.875000579282641,14.47500060684979,1.5
8.825000578537583,14.47500060684979,1.5
8.775000577792525,14.47500060684979,1.5
8.725000577047467,14.47500060684979,1.5
8.67500057630241,14.47500060684979,1.5
8.625000575557351,14.47500060684979,1.5
8.575000574812293,14.47500060684979,1.5
8.525000574067235,14.47500060684979,1.5
8.475000573322177,14.47500060684979,1.5
8.425000572577119,14.47500060684979,1.5
8.37500057183206,14.47500060684979,1.5
8.325000571087003,14.47500060684979,1.5
8.275000570341945,14.47500060684979,1.5
8.225000569596887,14.47500060684979,1.5
8.175000568851829,14.47500060684979,1.5
8.12500056810677,14.47500060684979,1.5
8.075000567361712,14.47500060684979,1.5
8.025000566616654,14.47500060684979,1.5
7.975000565871596,14.47500060684979,1.5
7.925000565126538,14.47500060684979,1.5
7.87500056438148,14.47500060684979,1.5
7.825000563636422,14.47500060684979,1.5
7.775000562891364,14.47500060684979,1.5
7.725000562146306,14.47500060684979,1.5
7.675000561401248,14.47500060684979,1.5
7.62500056065619,14.47500060684979,1.5
7.575000559911132,14.47500060684979,1.5
7.525000559166074,14.47500060684979,1.5
7.475000558421016,14.47500060684979,1.5
7.425000557675958,14.47500060684979,1.5
7.3750005569309,14.47500060684979,1.5
7.325000556185842,14.47500060684979,1.5
7.2750005554407835,14.47500060684979,1.5
7.225000554695725,14.47500060684979,1.5
7.175000553950667,14.47500060684979,1.5
7.125000553205609,14.47500060684979,1.5
7.075000552460551,14.47500060684979,1.5
7.025000551715493,14.47500060684979,1.5
6.975000550970435,14.47500060684979,1.5
6.925000550225377,14.47500060684979,1.5
6.875000549480319,14.47500060684979,1.5
6.825000548735261,14.47500060684979,1.5
6.775000547990203,14.47500060684979,1.5
6.725000547245145,14.47500060684979,1.5
6.675000546500087,14.47500060684979,1.5
6.625000545755029,14.47500060684979,1.5
6.575000545009971,14.47500060684979,1.5
6.525000544264913,14.47500060684979,1.5
6.4750005435198545,14.47500060684979,1.5
6.4250005427747965,14.47500060684979,1.5
6.375000542029738,14.47500060684979,1.5
6.32500054128468,14.47500060684979,1.5
6.275000540539622,14.47500060684979,1.5
6.225000539794564,14.47500060684979,1.5
6.175000539049506,14.47500060684979,1.5
6.125000538304448,14.47500060684979,1.5
6.07500053755939,14.47500060684979,1.5
6.025000536814332,14.47500060684979,1.5
5.975000536069274,14.47500060684979,1.5
5.925000535324216,14.47500060684979,1.5
5.875000534579158,14.47500060684979,1.5
5.8250005338341,14.47500060684979,1.5
5.775000533089042,14.47500060684979,1.5
5.725000532343984,14.47500060684979,1.5
5.675000531598926,14.47500060684979,1.5
5.6250005308538675,14.47500060684979,1.5
5.5750005301088095,14.47500060684979,1.5
5.525000529363751,14.47500060684979,1.5
5.475000528618693,14.47500060684979,1.5
5.425000527873635,14.47500060684979,1.5
5.375000527128577,14.47500060684979,1.5
5.325000526383519,14.47500060684979,1.5
5.275000525638461,14.47500060684979,1.5
5.225000524893403,14.47500060684979,1.5
5.175000524148345,14.47500060684979,1.5
5.125000523403287,14.47500060684979,1.5
5.075000522658229,14.47500060684979,1.5
5.025000521913171,14.47500060684979,1.5
4.975000521168113,14.47500060684979,1.5
4.925000520423055,14.47500060684979,1.5
4.875000519677997,14.47500060684979,1.5
4.825000518932939,14.47500060684979,1.5
4.7750005181878805,14.47500060684979,1.5
4.7250005174428225,14.47500060684979,1.5
4.675000516697764,14.47500060684979,1.5
4.625000515952706,14.47500060684979,1.5
4.575000515207648,14.47500060684979,1.5
4.52500051446259,14.47500060684979,1.5
4.475000513717532,14.47500060684979,1.5
4.425000512972474,14.47500060684979,1.5
4.375000512227416,14.47500060684979,1.5
4.325000511482358,14.47500060684979,1.5
4.2750005107373,14.47500060684979,1.5
4.225000509992242,14.47500060684979,1.5
4.175000509247184,14.47500060684979,1.5
4.125000508502126,14.47500060684979,1.5
4.075000507757068,14.47500060684979,1.5
4.02500050701201,14.47500060684979,1.5
3.9750005062669516,14.47500060684979,1.5
3.9250005055218935,14.47500060684979,1.5
3.8750005047768354,14.47500060684979,1.5
3.8250005040317774,14.47500060684979,1.5
3.7750005032867193,14.47500060684979,1.5
3.7250005025416613,14.47500060684979,1.5
3.675000501796603,14.47500060684979,1.5
3.625000501051545,14.47500060684979,1.5
3.575000500306487,14.47500060684979,1.5
3.525000499561429,14.47500060684979,1.5
3.475000498816371,14.47500060684979,1.5
3.425000498071313,14.47500060684979,1.5
3.375000497326255,14.47500060684979,1.5
3.325000496581197,14.47500060684979,1.5
3.2750004958361387,14.47500060684979,1.5
3.2250004950910807,14.47500060684979,1.5
3.1750004943460226,14.47500060684979,1.5
3.1250004936009645,14.47500060684979,1.5
3.0750004928559065,14.47500060684979,1.5
3.0250004921108484,14.47500060684979,1.5
2.9750004913657904,14.47500060684979,1.5
2.9250004906207323,14.47500060684979,1.5
2.8750004898756742,14.47500060684979,1.5
2.825000489130616,14.47500060684979,1.5
2.775000488385558,14.47500060684979,1.5
2.7250004876405,14.47500060684979,1.5
2.675000486895442,14.47500060684979,1.5
2.625000486150384,14.47500060684979,1.5
2.575000485405326,14.47500060684979,1.5
2.525000484660268,14.47500060684979,1.5
2.4750004839152098,14.47500060684979,1.5
2.4250004831701517,14.47500060684979,1.5
2.3750004824250937,14.47500060684979,1.5
2.3250004816800356,14.47500060684979,1.5
2.2750004809349775,14.47500060684979,1.5
2.2250004801899195,14.47500060684979,1.5
2.1750004794448614,14.47500060684979,1.5
2.1250004786998034,14.47500060684979,1.5
2.0750004779547453,14.47500060684979,1.5
2.0250004772096872,14.47500060684979,1.5
1.9750004764646292,14.47500060684979,1.5
1.9250004757195711,14.47500060684979,1.5
1.875000474974513,14.47500060684979,1.5
1.825000474229455,14.47500060684979,1.5
1.775000473484397,14.47500060684979,1.5
1.7250004727393389,14.47500060684979,1.5
1.6750004719942808,14.47500060684979,1.5
1.6250004712492228,14.47500060684979,1.5
1.5750004705041647,14.47500060684979,1.5
1.5250004697591066,14.47500060684979,1.5
1.4750004690140486,14.47500060684979,1.5
1.4250004682689905,14.47500060684979,1.5
1.3750004675239325,14.47500060684979,1.5
1.3250004667788744,14.47500060684979,1.5
1.2750004660338163,14.47500060684979,1.5
1.2250004652887583,14.47500060684979,1.5
1.1750004645437002,14.47500060684979,1.5
1.1250004637986422,14.47500060684979,1.5
1.075000463053584,14.47500060684979,1.5
1.025000462308526,14.47500060684979,1.5
0.975000461563468,14.47500060684979,1.5
0.9250004608184099,14.47500060684979,1.5
0.8750004600733519,14.47500060684979,1.5
0.8250004593282938,14.47500060684979,1.5
0.7750004585832357,14.47500060684979,1.5
0.7250004578381777,14.47500060684979,1.5
0.6750004570931196,14.47500060684979,1.5
0.6250004563480616,14.47500060684979,1.5
0.5750004556030035,14.47500060684979,1.5
0.5250004548579454,14.47500060684979,1.5
0.4750004541128874,14.47500060684979,1.5
0.4250004533678293,14.47500060684979,1.5
0.37500045262277126,14.47500060684979,1.5
0.3250004518777132,14.47500060684979,1.5
0.27500045113265514,14.47500060684979,1.5
0.22500045038759708,14.47500060684979,1.5
0.17500044964253902,14.47500060684979,1.5
0.12500044889748096,14.47500060684979,1.5
0.0750004481524229,14.47500060684979,1.5
0.025000447407364845,14.47500060684979,1.5
-0.024999553337693214,14.47500060684979,1.5
-0.07499955408275127,14.47500060684979,1.5
-0.12499955482780933,14.47500060684979,1.5
-0.1749995555728674,14.47500060684979,1.5
-0.22499955631792545,14.47500060684979,1.5
-0.2749995570629835,14.47500060684979,1.5
-0.3249995578080416,14.47500060684979,1.5
-0.37499955855309963,14.47500060684979,1.5
-0.4249995592981577,14.47500060684979,1.5
-0.47499956004321575,14.47500060684979,1.5
-0.5249995607882738,14.47500060684979,1.5
-0.5749995615333319,14.47500060684979,1.5
-0.6249995622783899,14.47500060684979,1.5
-0.674999563023448,14.47500060684979,1.5
-0.724999563768506,14.47500060684979,1.5
-0.7749995645135641,14.47500060684979,1.5
-0.8249995652586222,14.47500060684979,1.5
-0.8749995660036802,14.47500060684979,1.5
-0.9249995667487383,14.47500060684979,1.5
-0.9749995674937963,14.47500060684979,1.5
-1.0249995682388544,14.47500060684979,1.5
-1.0749995689839125,14.47500060684979,1.5
-1.1249995697289705,14.47500060684979,1.5
-1.1749995704740286,14.47500060684979,1.5
-1.2249995712190866,14.47500060684979,1.5
-1.2749995719641447,14.47500060684979,1.5
-1.3249995727092028,14.47500060684979,1.5
-1.3749995734542608,14.47500060684979,1.5
-1.4249995741993189,14.47500060684979,1.5
-1.474999574944377,14.47500060684979,1.5
-1.524999575689435,14.47500060684979,1.5
-1.574999576434493,14.47500060684979,1.5
-1.6249995771795511,14.47500060684979,1.5
-1.6749995779246092,14.47500060684979,1.5
-1.7249995786696672,14.47500060684979,1.5
-1.7749995794147253,14.47500060684979,1.5
-1.8249995801597834,14.47500060684979,1.5
-1.8749995809048414,14.47500060684979,1.5
-1.9249995816498995,14.47500060684979,1.5
-1.9749995823949575,14.47500060684979,1.5
-2.0249995831400156,14.47500060684979,1.5
-2.0749995838850737,14.47500060684979,1.5
-2.1249995846301317,14.47500060684979,1.5
-2.17499958537519,14.47500060684979,1.5
-2.224999586120248,14.47500060684979,1.5
-2.274999586865306,14.47500060684979,1.5
-2.324999587610364,14.525000607594848,1.5
-2.374999588355422,14.525000607594848,1.5
-2.42499958910048,14.525000607594848,1.5
-2.474999589845538,14.525000607594848,1.5
-2.524999590590596,14.525000607594848,1.5
-2.5749995913356543,14.525000607594848,1.5
-2.6249995920807123,14.525000607594848,1.5
-2.6749995928257704,14.525000607594848,1.5
-2.7249995935708284,14.525000607594848,1.5
-2.7749995943158865,14.525000607594848,1.5
-2.8249995950609446,14.525000607594848,1.5
-2.8749995958060026,14.525000607594848,1.5
-2.9249995965510607,14.525000607594848,1.5
-2.9749995972961187,14.525000607594848,1.5
-3.024999598041177,14.525000607594848,1.5
-3.074999598786235,14.525000607594848,1.5
-3.124999599531293,14.525000607594848,1.5
-3.174999600276351,14.525000607594848,1.5
-3.224999601021409,14.525000607594848,1.5
-3.274999601766467,14.525000607594848,1.5
-3.324999602511525,14.525000607594848,1.5
-3.374999603256583,14.525000607594848,1.5
-3.4249996040016413,14.525000607594848,1.5
-3.4749996047466993,14.525000607594848,1.5
-3.5249996054917574,14.525000607594848,1.5
-3.5749996062368155,14.525000607594848,1.5
-3.6249996069818735,14.525000607594848,1.5
-3.6749996077269316,14.525000607594848,1.5
-3.7249996084719896,14.525000607594848,1.5
-3.7749996092170477,14.525000607594848,1.5
-3.8249996099621058,14.525000607594848,1.5
-3.874999610707164,14.525000607594848,1.5
-3.924999611452222,14.525000607594848,1.5
-3.97499961219728,14.525000607594848,1.5
-4.024999612942338,14.525000607594848,1.5
-4.074999613687396,14.525000607594848,1.5
-4.124999614432454,14.525000607594848,1.5
-4.174999615177512,14.525000607594848,1.5
-4.22499961592257,14.525000607594848,1.5
-4.274999616667628,14.525000607594848,1.5
-4.324999617412686,14.525000607594848,1.5
-4.374999618157744,14.525000607594848,1.5
-4.4249996189028025,14.525000607594848,1.5
-4.4749996196478605,14.525000607594848,1.5
-4.524999620392919,14.525000607594848,1.5
-4.574999621137977,14.525000607594848,1.5
-4.624999621883035,14.525000607594848,1.5
-4.674999622628093,14.525000607594848,1.5
-4.724999623373151,14.525000607594848,1.5
-4.774999624118209,14.525000607594848,1.5
-4.824999624863267,14.525000607594848,1.5
-4.874999625608325,14.525000607594848,1.5
-4.924999626353383,14.525000607594848,1.5
-4.974999627098441,14.525000607594848,1.5
-5.024999627843499,14.525000607594848,1.5
-5.074999628588557,14.525000607594848,1.5
-5.124999629333615,14.525000607594848,1.5
-5.174999630078673,14.525000607594848,1.5
-5.224999630823731,14.525000607594848,1.5
-5.2749996315687895,14.525000607594848,1.5
-5.3249996323138475,14.525000607594848,1.5
-5.374999633058906,14.525000607594848,1.5
-5.424999633803964,14.525000607594848,1.5
-5.474999634549022,14.525000607594848,1.5
-5.52499963529408,14.525000607594848,1.5
-5.574999636039138,14.525000607594848,1.5
-5.624999636784196,14.525000607594848,1.5
-5.674999637529254,14.525000607594848,1.5
-5.724999638274312,14.525000607594848,1.5
-5.77499963901937,14.525000607594848,1.5
-5.824999639764428,14.525000607594848,1.5
-5.874999640509486,14.525000607594848,1.5
-5.924999641254544,14.525000607594848,1.5
-5.974999641999602,14.525000607594848,1.5
-6.02499964274466,14.525000607594848,1.5
-6.074999643489718,14.525000607594848,1.5
-6.1249996442347765,14.525000607594848,1.5
-6.174999644979835,14.525000607594848,1.5
-6.224999645724893,14.525000607594848,1.5
-6.274999646469951,14.525000607594848,1.5
-6.324999647215009,14.525000607594848,1.5
-6.374999647960067,14.525000607594848,1.5
-6.424999648705125,14.525000607594848,1.5
-6.474999649450183,14.525000607594848,1.5
-6.524999650195241,14.525000607594848,1.5
-6.574999650940299,14.525000607594848,1.5
-6.624999651685357,14.525000607594848,1.5
-6.674999652430415,14.525000607594848,1.5
-6.724999653175473,14.525000607594848,1.5
-6.774999653920531,14.525000607594848,1.5
-6.824999654665589,14.525000607594848,1.5
-6.874999655410647,14.525000607594848,1.5
-6.9249996561557055,14.525000607594848,1.5
-6.9749996569007635,14.525000607594848,1.5
-7.024999657645822,14.525000607594848,1.5
-7.07499965839088,14.525000607594848,1.5
-7.124999659135938,14.525000607594848,1.5
-7.174999659880996,14.525000607594848,1.5
-7.224999660626054,14.525000607594848,1.5
-7.274999661371112,14.525000607594848,1.5
-7.32499966211617,14.525000607594848,1.5
-7.374999662861228,14.525000607594848,1.5
-7.424999663606286,14.525000607594848,1.5
-7.474999664351344,14.525000607594848,1.5
-7.524999665096402,14.525000607594848,1.5
-7.57499966584146,14.525000607594848,1.5
-7.624999666586518,14.525000607594848,1.5
-7.674999667331576,14.525000607594848,1.5
-7.724999668076634,14.525000607594848,1.5
-7.7749996688216925,14.525000607594848,1.5
-7.8249996695667505,14.525000607594848,1.5
-7.874999670311809,14.525000607594848,1.5
-7.924999671056867,14.525000607594848,1.5
-7.974999671801925,14.525000607594848,1.5
-8.024999672546983,14.525000607594848,1.5
-8.07499967329204,14.525000607594848,1.5
-8.124999674037099,14.525000607594848,1.5
-8.174999674782157,14.525000607594848,1.5
-8.224999675527215,14.525000607594848,1.5
-8.274999676272273,14.525000607594848,1.5
-8.324999677017331,14.525000607594848,1.5
-8.37499967776239,14.525000607594848,1.5
-8.424999678507447,14.525000607594848,1.5
-8.474999679252505,14.525000607594848,1.5
-8.524999679997563,14.525000607594848,1.5
-8.574999680742621,14.525000607594848,1.5
-8.62499968148768,14.525000607594848,1.5
-8.674999682232738,14.525000607594848,1.5
-8.724999682977796,14.525000607594848,1.5
-8.774999683722854,14.575000608339906,1.5
-8.824999684467912,14.625000609084964,1.5
-8.87499968521297,14.675000609830022,1.5
-8.924999685958028,14.72500061057508,1.5
-8.974999686703086,14.775000611320138,1.5
-9.024999687448144,14.825000612065196,1.5
-9.074999688193202,14.875000612810254,1.5
-9.12499968893826,14.925000613555312,1.5
-9.174999689683318,14.97500061430037,1.5
-9.224999690428376,15.025000615045428,1.5
-9.274999691173434,15.075000615790486,1.5
-9.324999691918492,15.125000616535544,1.5
-9.37499969266355,15.175000617280602,1.5
-9.424999693408608,15.22500061802566,1.5
-9.474999694153666,15.275000618770719,1.5
-9.524999694898725,15.325000619515777,1.5
-9.574999695643783,15.375000620260835,1.5
-9.62499969638884,15.425000621005893,1.5
-9.674999697133899,15.47500062175095,1.5
-9.724999697878957,15.525000622496009,1.5
-9.774999698624015,15.575000623241067,1.5
-9.824999699369073,15.625000623986125,1.5
-9.874999700114131,15.675000624731183,1.5
-9.924999700859189,15.725000625476241,1.5
-9.974999701604247,15.7750006262213,1.5
-10.024999702349305,15.7750006262213,1.5
-10.074999703094363,15.7750006262213,1.5
-10.124999703839421,15.7750006262213,1.5
-10.17499970458448,15.7750006262213,1.5
-10.224999705329537,15.7750006262213,1.5
-10.274999706074595,15.7750006262213,1.5
-10.324999706819654,15.7750006262213,1.5
-10.374999707564712,15.7750006262213,1.5
-10.42499970830977,15.7750006262213,1.5
-10.474999709054828,15.7750006262213,1.5
-10.524999709799886,15.7750006262213,1.5
-10.574999710544944,15.7750006262213,1.5
-10.624999711290002,15.7750006262213,1.5
-10.67499971203506,15.7750006262213,1.5
-10.724999712780118,15.7750006262213,1.5
-10.774999713525176,15.7750006262213,1.5
-10.824999714270234,15.7750006262213,1.5
-10.874999715015292,15.7750006262213,1.5
-10.92499971576035,15.7750006262213,1.5
-10.974999716505408,15.7750006262213,1.5
-11.024999717250466,15.7750006262213,1.5
-11.074999717995524,15.7750006262213,1.5
-11.124999718740582,15.7750006262213,1.5
-11.17499971948564,15.7750006262213,1.5
-11.224999720230699,15.7750006262213,1.5
-11.274999720975757,15.7750006262213,1.5
-11.324999721720815,15.7750006262213,1.5
-11.374999722465873,15.7750006262213,1.5
-11.42499972321093,15.7750006262213,1.5
-11.474999723955989,15.7750006262213,1.5
-11.524999724701047,15.7750006262213,1.5
-11.574999725446105,15.7750006262213,1.5
-11.624999726191163,15.7750006262213,1.5
-11.674999726936221,15.7750006262213,1.5
-11.72499972768128,15.7750006262213,1.5
-11.774999728426337,15.7750006262213,1.5
-11.824999729171395,15.7750006262213,1.5
-11.874999729916453,15.7750006262213,1.5
-11.924999730661511,15.7750006262213,1.5
-11.97499973140657,15.7750006262213,1.5
-12.024999732151628,15.7750006262213,1.5
-12.074999732896686,15.7750006262213,1.5
-12.124999733641744,15.7750006262213,1.5
-12.174999734386802,15.7750006262213,1.5
-12.22499973513186,15.7750006262213,1.5
-12.274999735876918,15.7750006262213,1.5
-12.324999736621976,15.7750006262213,1.5
-12.374999737367034,15.7750006262213,1.5
-12.424999738112092,15.7750006262213,1.5
-12.47499973885715,15.7750006262213,1.5
-12.524999739602208,15.7750006262213,1.5
-12.574999740347266,15.7750006262213,1.5
-12.624999741092324,15.7750006262213,1.5
-12.674999741837382,15.825000626966357,1.5
-12.72499974258244,15.875000627711415,1.5
-12.774999743327498,15.925000628456473,1.5
-12.824999744072556,15.975000629201531,1.5
-12.874999744817615,15.975000629201531,1.5
-12.924999745562673,15.975000629201531,1.5
-12.97499974630773,15.975000629201531,1.5
-13.024999747052789,15.975000629201531,1.5
-13.074999747797847,15.975000629201531,1.5
-13.124999748542905,15.975000629201531,1.5
-13.174999749287963,15.975000629201531,1.5
-13.224999750033021,15.975000629201531,1.5
-13.274999750778079,15.975000629201531,1.5
-13.324999751523137,15.975000629201531,1.5
-13.374999752268195,15.975000629201531,1.5
-13.424999753013253,15.975000629201531,1.5
-13.474999753758311,15.975000629201531,1.5
-13.52499975450337,15.975000629201531,1.5
-13.574999755248427,15.975000629201531,1.5
-13.624999755993485,16.02500062994659,1.5
-13.674999756738544,16.02500062994659,1.5
-13.724999757483602,16.02500062994659,1.5
-13.77499975822866,16.02500062994659,1.5
-13.824999758973718,16.02500062994659,1.5
-13.874999759718776,16.02500062994659,1.5
-13.924999760463834,16.02500062994659,1.5
-13.974999761208892,16.02500062994659,1.5
-14.02499976195395,16.02500062994659,1.5
-14.074999762699008,16.02500062994659,1.5
-14.124999763444066,16.02500062994659,1.5
-14.174999764189124,16.02500062994659,1.5
-14.224999764934182,16.02500062994659,1.5
-14.27499976567924,16.02500062994659,1.5
-14.324999766424298,16.02500062994659,1.5
-14.374999767169356,16.02500062994659,1.5
-14.424999767914414,16.02500062994659,1.5
-14.474999768659472,16.02500062994659,1.5
-14.52499976940453,16.02500062994659,1.5
-14.574999770149589,16.02500062994659,1.5
-14.624999770894647,16.02500062994659,1.5
-14.674999771639705,16.02500062994659,1.5
-14.724999772384763,16.02500062994659,1.5
-14.77499977312982,16.02500062994659,1.5
-14.824999773874879,16.02500062994659,1.5
-14.874999774619937,16.02500062994659,1.5
-14.924999775364995,16.02500062994659,1.5
-14.974999776110053,16.02500062994659,1.5
-15.024999776855111,16.02500062994659,1.5
-15.07499977760017,16.02500062994659,1.5
-15.124999778345227,16.02500062994659,1.5
-15.174999779090285,16.02500062994659,1.5
-15.224999779835343,16.02500062994659,1.5
-15.274999780580401,16.02500062994659,1.5
-15.32499978132546,16.02500062994659,1.5
-15.374999782070518,16.02500062994659,1.5
-15.424999782815576,16.02500062994659,1.5
-15.474999783560634,16.02500062994659,1.5
-15.524999784305692,16.02500062994659,1.5
-15.57499978505075,16.02500062994659,1.5
-15.624999785795808,16.02500062994659,1.5
-15.674999786540866,16.02500062994659,1.5
-15.724999787285924,16.02500062994659,1.5
-15.774999788030982,16.02500062994659,1.5
-15.82499978877604,16.02500062994659,1.5
-15.874999789521098,16.02500062994659,1.5
-15.924999790266156,16.02500062994659,1.5
-15.974999791011214,16.02500062994659,1.5
-16.024999791756272,16.02500062994659,1.5
-16.07499979250133,16.075000630691648,1.5
-16.12499979324639,16.125000631436706,1.5
-16.174999793991446,16.175000632181764,1.5
-16.224999794736505,16.22500063292682,1.5
-16.274999795481563,16.27500063367188,1.5
-16.32499979622662,16.325000634416938,1.5
-16.37499979697168,16.375000635161996,1.5
-16.424999797716737,16.425000635907054,1.5
-16.474999798461795,16.475000636652112,1.5
-16.524999799206853,16.52500063739717,1.5
-16.57499979995191,16.575000638142228,1.5
-16.62499980069697,16.625000638887286,1.5
-16.674999801442027,16.675000639632344,1.5
-16.724999802187085,16.725000640377402,1.5
-16.774999802932143,16.77500064112246,1.5
-16.8249998036772,16.82500064186752,1.5
-16.87499980442226,16.875000642612576,1.5
-16.924999805167317,16.925000643357635,1.5
-16.974999805912375,16.975000644102693,1.5
-17.024999806657434,17.02500064484775,1.5
-17.07499980740249,17.07500064559281,1.5
-17.12499980814755,17.125000646337867,1.5
-17.174999808892608,17.175000647082925,1.5
-17.224999809637666,17.225000647827983,1.5
-17.274999810382724,17.27500064857304,1.5
-17.324999811127782,17.3250006493181,1.5
-17.37499981187284,17.375000650063157,1.5
-17.424999812617898,17.425000650808215,1.5
-17.474999813362956,17.475000651553273,1.5
-17.524999814108014,17.52500065229833,1.5
-17.574999814853072,17.57500065304339,1.5
-17.62499981559813,17.625000653788447,1.5
-17.67499981634319,17.675000654533505,1.5
-17.724999817088246,17.725000655278563,1.5
-17.774999817833304,17.77500065602362,1.5
-17.824999818578362,17.82500065676868,1.5
-17.87499981932342,17.875000657513738,1.5
-17.92499982006848,17.925000658258796,1.5
-17.974999820813537,17.975000659003854,1.5
-18.024999821558595,18.025000659748912,1.5
-18.074999822303653,18.07500066049397,1.5
-18.12499982304871,18.125000661239028,1.5
-18.17499982379377,18.175000661984086,1.5
-18.224999824538827,18.225000662729144,1.5
-18.274999825283885,18.275000663474202,1.5
-18.324999826028943,18.32500066421926,1.5
-18.374999826774,18.37500066496432,1.5
-18.42499982751906,18.425000665709376,1.5
-18.474999828264117,18.475000666454434,1.5
-18.524999829009175,18.525000667199492,1.5
-18.574999829754233,18.57500066794455,1.5
-18.62499983049929,18.62500066868961,1.5
-18.67499983124435,18.675000669434667,1.5
-18.724999831989408,18.725000670179725,1.5
-18.774999832734466,18.775000670924783,1.5
-18.824999833479524,18.82500067166984,1.5
-18.87499983422458,18.8750006724149,1.5
-18.92499983496964,18.925000673159957,1.5
-18.974999835714698,18.975000673905015,1.5
-19.024999836459756,19.025000674650073,1.5
-19.074999837204814,19.07500067539513,1.5
-19.124999837949872,19.12500067614019,1.5
-19.17499983869493,19.175000676885247,1.5
-19.224999839439988,19.225000677630305,1.5
-19.274999840185046,19.275000678375363,1.5
-19.324999840930104,19.32500067912042,1.5
-19.374999841675162,19.37500067986548,1.5
-19.42499984242022,19.425000680610538,1.5
-19.47499984316528,19.475000681355596,1.5
-19.524999843910336,19.525000682100654,1.5
-19.574999844655395,19.57500068284571,1.5
-19.624999845400453,19.62500068359077,1.5
-19.67499984614551,19.675000684335828,1.5
-19.72499984689057,19.725000685080886,1.5
-19.774999847635627,19.775000685825944,1.5
-19.824999848380685,19.825000686571002,1.5
-19.874999849125743,19.87500068731606,1.5
-19.9249998498708,19.925000688061118,1.5
-19.97499985061586,19.975000688806176,1.5
-20.024999851360917,20.025000689551234,1.5
-20.074999852105975,20.075000690296292,1.5
-20.124999852851033,20.12500069104135,1.5
-20.17499985359609,20.17500069178641,1.5
-20.22499985434115,20.225000692531466,1.5
-20.274999855086207,20.275000693276525,1.5
-20.324999855831265,20.325000694021583,1.5
-20.374999856576324,20.37500069476664,1.5
-20.42499985732138,20.4250006955117,1.5
-20.47499985806644,20.475000696256757,1.5
-20.524999858811498,20.525000697001815,1.5
-20.574999859556556,20.575000697746873,1.5
-20.624999860301614,20.62500069849193,1.5
-20.674999861046672,20.67500069923699,1.5
-20.72499986179173,20.725000699982047,1.5
-20.774999862536788,20.775000700727105,1.5
-20.824999863281846,20.825000701472163,1.5
-20.874999864026904,20.87500070221722,1.5
-20.924999864771962,20.92500070296228,1.5
-20.97499986551702,20.975000703707337,1.5
-21.02499986626208,21.025000704452395,1.5
-21.074999867007136,21.075000705197453,1.5
-21.124999867752194,21.12500070594251,1.5
-21.174999868497252,21.17500070668757,1.5
-21.22499986924231,21.225000707432628,1.5
-21.27499986998737,21.275000708177686,1.5
-21.324999870732427,21.325000708922744,1.5
-21.374999871477485,21.375000709667802,1.5
-21.424999872222543,21.42500071041286,1.5
-21.4749998729676,21.475000711157918,1.5
-21.52499987371266,21.525000711902976,1.5
-21.574999874457717,21.575000712648034,1.5
-21.624999875202775,21.625000713393092,1.5
-21.674999875947833,21.67500071413815,1.5
-21.72499987669289,21.72500071488321,1.5
-21.77499987743795,21.775000715628266,1.5
-21.824999878183007,21.825000716373324,1.5
-21.874999878928065,21.875000717118382,1.5
-21.924999879673123,21.92500071786344,1.5
-21.97499988041818,21.9750007186085,1.5
-22.02499988116324,22.025000719353557,1.5
-22.074999881908298,22.075000720098615,1.5
-22.124999882653356,22.125000720843673,1.5
-22.174999883398414,22.17500072158873,1.5
-22.22499988414347,22.22500072233379,1.5
-22.27499988488853,22.275000723078847,1.5
-22.324999885633588,22.325000723823905,1.5
-22.374999886378646,22.375000724568963,1.5
-22.424999887123704,22.42500072531402,1.5
-22.474999887868762,22.47500072605908,1.5
-22.52499988861382,22.525000726804137,1.5
-22.574999889358878,22.575000727549195,1.5
-22.624999890103936,22.625000728294253,1.5
-22.674999890848994,22.67500072903931,1.5
-22.724999891594052,22.72500072978437,1.5
-22.77499989233911,22.775000730529428,1.5
-22.82499989308417,22.825000731274486,1.5
-22.874999893829226,22.875000732019544,1.5
-22.924999894574285,22.9250007327646,1.5
-22.974999895319343,22.97500073350966,1.5
-23.0249998960644,23.025000734254718,1.5
-23.07499989680946,23.075000734999776,1.5
-23.124999897554517,23.125000735744834,1.5
-23.174999898299575,23.175000736489892,1.5
-23.224999899044633,23.22500073723495,1.5
-23.27499989978969,23.275000737980008,1.5
-23.32499990053475,23.325000738725066,1.5
-23.374999901279807,23.375000739470124,1.5
-23.424999902024865,23.425000740215182,1.5
-23.474999902769923,23.47500074096024,1.5
-23.52499990351498,23.5250007417053,1.5
-23.57499990426004,23.575000742450356,1.5
-23.624999905005097,23.625000743195415,1.5
-23.674999905750155,23.675000743940473,1.5
-23.724999906495214,23.72500074468553,1.5
-23.77499990724027,23.77500074543059,1.5
-23.82499990798533,23.825000746175647,1.5
-23.874999908730388,23.875000746920705,1.5
-23.924999909475446,23.925000747665763,1.5
-23.95,24.0,0.0
